id,titulo,fecha,tipo,periocidad,archivo,slug,tema_slugs,subtema_slugs
60,Estado de actividades,2025-03-31 0:00:00,contabilidad,trimestral,https://iieg.jalisco.gob.mx/acervo/portal/archivos/contabilidad/2025/1a-estado-de-actividades-3132025.pdf,estado-de-actividades,informacion-contable,primer-trimestre
61,Estado de Situación Financiera,2025-03-31 0:00:00,contabilidad,trimestral,https://iieg.jalisco.gob.mx/acervo/portal/archivos/contabilidad/2025/1b-estado-de-situacion-financiera-3132025.pdf,estado-de-situacion-financiera,informacion-contable,primer-trimestre
62,Estado de Variación en la Hacienda Pública,2025-03-31 0:00:00,contabilidad,trimestral,https://iieg.jalisco.gob.mx/acervo/portal/archivos/contabilidad/2025/1c-estado-de-variacion-en-la-hacienda-publica-3132025.pdf,estado-de-variacion-en-la-hacienda-publica,informacion-contable,primer-trimestre
63,Estado de Cambios en la Situación Financiera,2025-03-31 0:00:00,contabilidad,trimestral,https://iieg.jalisco.gob.mx/acervo/portal/archivos/contabilidad/2025/1d-estado-de-cambios-en-la-situacion-financiera-3132025.pdf,estado-de-cambios-en-la-situacion-financiera,informacion-contable,primer-trimestre
64,Estado de Flujos de Efectivo,2025-03-31 0:00:00,contabilidad,trimestral,https://iieg.jalisco.gob.mx/acervo/portal/archivos/contabilidad/2025/1e-estado-de-flujos-de-efectivo-3132025.pdf,estado-de-flujos-de-efectivo,informacion-contable,primer-trimestre
65,Informe de Pasivos Contingentes,2025-03-31 0:00:00,contabilidad,trimestral,https://iieg.jalisco.gob.mx/acervo/portal/archivos/contabilidad/2025/1f-informe-sobre-pasivos-contingentes-3132025.pdf,informe-de-pasivos-contingentes,informacion-contable,primer-trimestre
66,Notas a los Estados Financieros,2025-03-31 0:00:00,contabilidad,trimestral,https://iieg.jalisco.gob.mx/acervo/portal/archivos/contabilidad/2025/1g-notas-edos-financ-iieg-marzo-2025.pdf,notas-a-los-estados-financieros,informacion-contable,primer-trimestre
67,Estado Analítico del Activo,2025-03-31 0:00:00,contabilidad,trimestral,https://iieg.jalisco.gob.mx/acervo/portal/archivos/contabilidad/2025/1h-estado-analitico-del-activo-3132025.pdf,estado-analitico-del-activo,informacion-contable,primer-trimestre
68,Estado Analítico de la Deuda y Otros Pasivos,2025-03-31 0:00:00,contabilidad,trimestral,https://iieg.jalisco.gob.mx/acervo/portal/archivos/contabilidad/2025/1i-estado-analitico-de-la-deuda-y-otros-pasivos-3132025.pdf,estado-analitico-de-la-deuda-y-otros-pasivos,informacion-contable,primer-trimestre
69,Estado Analítico de Ingresos,2025-03-31 0:00:00,contabilidad,trimestral,https://iieg.jalisco.gob.mx/acervo/portal/archivos/contabilidad/2025/2a-estado-analitico-de-ingresos-3132025.pdf,estado-analitico-de-ingresos,informacion-presupuestal,primer-trimestre-1
70,Estado Analítico del Ejercicio del Presupuesto de Egresos Clasificación Administrativa,2025-03-31 0:00:00,contabilidad,trimestral,https://iieg.jalisco.gob.mx/acervo/portal/archivos/contabilidad/2025/2b1-egresos-por-clasificacion-administrativa-3132025.pdf,estado-analitico-del-ejercicio-del-presupuesto-de-egresos-clasificacion-administrativa,informacion-presupuestal,primer-trimestre-1
71,Estado Analítico del Ejercicio del Presupuesto de Egresos Clasificación Económica,2025-03-31 0:00:00,contabilidad,trimestral,https://iieg.jalisco.gob.mx/acervo/portal/archivos/contabilidad/2025/2b2-egresos-por-clasificacion-economica-por-tipo-de-gasto-3132025.pdf,estado-analitico-del-ejercicio-del-presupuesto-de-egresos-clasificacion-economica,informacion-presupuestal,primer-trimestre-1
72,Estado Analítico del Ejercicio del Presupuesto de Egresos Clasificación por Objeto del Gasto,2025-03-31 0:00:00,contabilidad,trimestral,https://iieg.jalisco.gob.mx/acervo/portal/archivos/contabilidad/2025/2b3-egresos-por-clasificacion-por-objeto-del-gasto-3132025.pdf,estado-analitico-del-ejercicio-del-presupuesto-de-egresos-clasificacion-por-objeto-del-gasto,informacion-presupuestal,primer-trimestre-1
73,Estado Analítico del Ejercicio del Presupuesto de Egresos Clasificación Funcional,2025-03-31 0:00:00,contabilidad,trimestral,https://iieg.jalisco.gob.mx/acervo/portal/archivos/contabilidad/2025/2b4-egresos-por-clasificacion-funcional-3132025.pdf,estado-analitico-del-ejercicio-del-presupuesto-de-egresos-clasificacion-funcional,informacion-presupuestal,primer-trimestre-1
74,Endeudamiento Neto,2025-03-31 0:00:00,contabilidad,trimestral,https://iieg.jalisco.gob.mx/acervo/portal/archivos/contabilidad/2025/2c-endeudamiento-neto-3132025.pdf,endeudamiento-neto,informacion-presupuestal,primer-trimestre-1
75,Intereses de la Deuda,2025-03-31 0:00:00,contabilidad,trimestral,https://iieg.jalisco.gob.mx/acervo/portal/archivos/contabilidad/2025/2d-intereses-de-la-deuda-3132025.pdf,intereses-de-la-deuda,informacion-presupuestal,primer-trimestre-1
76,Indicadores de la Postura Fiscal,2025-03-31 0:00:00,contabilidad,trimestral,https://iieg.jalisco.gob.mx/acervo/portal/archivos/contabilidad/2025/2e-indicadores-de-postura-fiscal-3132025.pdf,indicadores-de-la-postura-fiscal,informacion-presupuestal,primer-trimestre-1
77,Gasto por categoría programática,2025-03-31 0:00:00,contabilidad,trimestral,https://iieg.jalisco.gob.mx/acervo/portal/archivos/contabilidad/2025/3a-gasto-por-categoria-programatica-3132025.pdf,gasto-por-categoria-programatica,informacion-programatica,primer-trimestre-2
78,Programa y Proyectos de Inversión,2025-03-31 0:00:00,contabilidad,trimestral,https://iieg.jalisco.gob.mx/acervo/portal/archivos/contabilidad/2025/3b-programas-y-proyectos-de-inversion-3132025.pdf,programa-y-proyectos-de-inversion,informacion-programatica,primer-trimestre-2
79,Indicadores de Resultados,2025-03-31 0:00:00,contabilidad,trimestral,https://iieg.jalisco.gob.mx/acervo/portal/archivos/contabilidad/2025/3c-indicadores-de-resultados-3132025.pdf,indicadores-de-resultados,informacion-programatica,primer-trimestre-2
80,Estado de Actividades,2025-06-30 0:00:00,contabilidad,trimestral,https://iieg.jalisco.gob.mx/acervo/portal/archivos/contabilidad/2025/1a-estado-de-actividades-3062025.pdf,estado-de-actividades-1,informacion-contable,segundo-trimestre
81,Estado de Situación Financiera,2025-06-30 0:00:00,contabilidad,trimestral,https://iieg.jalisco.gob.mx/acervo/portal/archivos/contabilidad/2025/1b-estado-de-situacion-financiera-3062025.pdf,estado-de-situacion-financiera-1,informacion-contable,segundo-trimestre
82,Estado de Variación en la Hacienda Pública,2025-06-30 0:00:00,contabilidad,trimestral,https://iieg.jalisco.gob.mx/acervo/portal/archivos/contabilidad/2025/1c-estado-de-variacion-en-la-hacienda-publica-3062025.pdf,estado-de-variacion-en-la-hacienda-publica-1,informacion-contable,segundo-trimestre
83,Estado de Cambios en la Situación Financiera,2025-06-30 0:00:00,contabilidad,trimestral,https://iieg.jalisco.gob.mx/acervo/portal/archivos/contabilidad/2025/1d-estado-de-cambios-en-la-situacion-financiera-3062025.pdf,estado-de-cambios-en-la-situacion-financiera-1,informacion-contable,segundo-trimestre
84,Estado de Flujos de Efectivo,2025-06-30 0:00:00,contabilidad,trimestral,https://iieg.jalisco.gob.mx/acervo/portal/archivos/contabilidad/2025/1e-estado-de-flujos-de-efectivo-3062025.pdf,estado-de-flujos-de-efectivo-1,informacion-contable,segundo-trimestre
85,Informe de Pasivos Contingentes,2025-06-30 0:00:00,contabilidad,trimestral,https://iieg.jalisco.gob.mx/acervo/portal/archivos/contabilidad/2025/1f-informe-sobre-pasivos-contingentes-3062025.pdf,informe-de-pasivos-contingentes-1,informacion-contable,segundo-trimestre
86,Notas a los Estados Financieros,2025-06-30 0:00:00,contabilidad,trimestral,https://iieg.jalisco.gob.mx/acervo/portal/archivos/contabilidad/2025/1g-notas-edos-financ-iieg-junio-2025.pdf,notas-a-los-estados-financieros-1,informacion-contable,segundo-trimestre
87,Estado Analítico del Activo,2025-06-30 0:00:00,contabilidad,trimestral,https://iieg.jalisco.gob.mx/acervo/portal/archivos/contabilidad/2025/1h-estado-analitico-del-activo-3062025.pdf,estado-analitico-del-activo-1,informacion-contable,segundo-trimestre
88,Estado Analítico de la Deuda y Otros Pasivos,2025-06-30 0:00:00,contabilidad,trimestral,https://iieg.jalisco.gob.mx/acervo/portal/archivos/contabilidad/2025/1i-estado-analitico-de-la-deuda-y-otros-pasivos-3062025.pdf,estado-analitico-de-la-deuda-y-otros-pasivos-1,informacion-contable,segundo-trimestre
89,Estado Analítico de Ingresos,2025-06-30 0:00:00,contabilidad,trimestral,https://iieg.jalisco.gob.mx/acervo/portal/archivos/contabilidad/2025/2a-estado-analitico-de-ingresos-3062025.pdf,estado-analitico-de-ingresos-1,informacion-presupuestal,segundo-trimestre-1
90,Estado Analítico del Ejercicio del Presupuesto de Egresos Clasificación Administrativa,2025-06-30 0:00:00,contabilidad,trimestral,https://iieg.jalisco.gob.mx/acervo/portal/archivos/contabilidad/2025/2b1-egresos-por-clasificacion-administrativa-3062025.pdf,estado-analitico-del-ejercicio-del-presupuesto-de-egresos-clasificacion-administrativa-1,informacion-presupuestal,segundo-trimestre-1
91,Estado Analítico del Ejercicio del Presupuesto de Egresos Clasificación Económica,2025-06-30 0:00:00,contabilidad,trimestral,https://iieg.jalisco.gob.mx/acervo/portal/archivos/contabilidad/2025/2b2-egresos-por-clasificacion-economica-por-tipo-de-gasto-3062025.pdf,estado-analitico-del-ejercicio-del-presupuesto-de-egresos-clasificacion-economica-1,informacion-presupuestal,segundo-trimestre-1
92,Estado Analítico del Ejercicio del Presupuesto de Egresos Clasificación por Objeto del Gasto,2025-06-30 0:00:00,contabilidad,trimestral,https://iieg.jalisco.gob.mx/acervo/portal/archivos/contabilidad/2025/2b3-egresos-por-clasificacion-por-objeto-del-gasto-3062025.pdf,estado-analitico-del-ejercicio-del-presupuesto-de-egresos-clasificacion-por-objeto-del-gasto-1,informacion-presupuestal,segundo-trimestre-1
93,Estado Analítico del Ejercicio del Presupuesto de Egresos Clasificación Funcional,2025-06-30 0:00:00,contabilidad,trimestral,https://iieg.jalisco.gob.mx/acervo/portal/archivos/contabilidad/2025/2b4-egresos-por-clasificacion-funcional-3062025.pdf,estado-analitico-del-ejercicio-del-presupuesto-de-egresos-clasificacion-funcional-1,informacion-presupuestal,segundo-trimestre-1
94,Endeudamiento Neto,2025-06-30 0:00:00,contabilidad,trimestral,https://iieg.jalisco.gob.mx/acervo/portal/archivos/contabilidad/2025/2c-endeudamiento-neto-3062025.pdf,endeudamiento-neto-1,informacion-presupuestal,segundo-trimestre-1
95,Intereses de la Deuda,2025-06-30 0:00:00,contabilidad,trimestral,https://iieg.jalisco.gob.mx/acervo/portal/archivos/contabilidad/2025/2d-intereses-de-la-deuda-3062025.pdf,intereses-de-la-deuda-1,informacion-presupuestal,segundo-trimestre-1
96,Indicadores de la Postura Fiscal,2025-06-30 0:00:00,contabilidad,trimestral,https://iieg.jalisco.gob.mx/acervo/portal/archivos/contabilidad/2025/2e-indicadores-de-postura-fiscal-3062025.pdf,indicadores-de-la-postura-fiscal-1,informacion-presupuestal,segundo-trimestre-1
97,Gasto por categoría programática,2025-06-30 0:00:00,contabilidad,trimestral,https://iieg.jalisco.gob.mx/acervo/portal/archivos/contabilidad/2025/3a-gasto-por-categoria-programatica-3062025.pdf,gasto-por-categoria-programatica-1,informacion-programatica,segundo-trimestre-2
98,Programa y Proyectos de Inversión,2025-06-30 0:00:00,contabilidad,trimestral,https://iieg.jalisco.gob.mx/acervo/portal/archivos/contabilidad/2025/3b-programas-y-proyectos-de-inversion-3062025.pdf,programa-y-proyectos-de-inversion-1,informacion-programatica,segundo-trimestre-2
99,Indicadores de Resultados,2025-06-30 0:00:00,contabilidad,trimestral,https://iieg.jalisco.gob.mx/acervo/portal/archivos/contabilidad/2025/3c-indicadores-de-resultados-3062025.pdf,indicadores-de-resultados-1,informacion-programatica,segundo-trimestre-2
100,Estado de Actividades,2025-09-30 0:00:00,contabilidad,trimestral,https://iieg.jalisco.gob.mx/acervo/portal/archivos/contabilidad/2025/1a-estado-de-actividades-30-09-2025.pdf,estado-de-actividades-2,informacion-contable,tercer-trimestre
101,Estado de Situación Financiera,2025-09-30 0:00:00,contabilidad,trimestral,https://iieg.jalisco.gob.mx/acervo/portal/archivos/contabilidad/2025/1b-estado-de-situacion-financieros-30-09-2025.pdf,estado-de-situacion-financiera-2,informacion-contable,tercer-trimestre
102,Estado de Variación en la Hacienda Pública,2025-09-30 0:00:00,contabilidad,trimestral,https://iieg.jalisco.gob.mx/acervo/portal/archivos/contabilidad/2025/1c-estado-de-variacion-en-la-hacienda-publica-30-09-2025.pdf,estado-de-variacion-en-la-hacienda-publica-2,informacion-contable,tercer-trimestre
103,Estado de Cambios en la Situación Financiera,2025-09-30 0:00:00,contabilidad,trimestral,https://iieg.jalisco.gob.mx/acervo/portal/archivos/contabilidad/2025/1d-estado-de-cambios-en-la-situacion-financieros-30-09-2025.pdf,estado-de-cambios-en-la-situacion-financiera-2,informacion-contable,tercer-trimestre
104,Estado de Flujos de Efectivo,2025-09-30 0:00:00,contabilidad,trimestral,https://iieg.jalisco.gob.mx/acervo/portal/archivos/contabilidad/2025/1e-estado-de-flujos-de-efectivo-30-09-2025.pdf,estado-de-flujos-de-efectivo-2,informacion-contable,tercer-trimestre
105,Informe de Pasivos Contingentes,2025-09-30 0:00:00,contabilidad,trimestral,https://iieg.jalisco.gob.mx/acervo/portal/archivos/contabilidad/2025/1f-informe-de-pasivos-contigentes-30092025.pdf,informe-de-pasivos-contingentes-2,informacion-contable,tercer-trimestre
106,Notas a los Estados Financieros,2025-09-30 0:00:00,contabilidad,trimestral,https://iieg.jalisco.gob.mx/acervo/portal/archivos/contabilidad/2025/1g-notas-en-los-estados-financieros-30-09-2025.pdf,notas-a-los-estados-financieros-2,informacion-contable,tercer-trimestre
107,Estado Analítico del Activo,2025-09-30 0:00:00,contabilidad,trimestral,https://iieg.jalisco.gob.mx/acervo/portal/archivos/contabilidad/2025/1h-estado-analitico-del-activo-30-09-2025.pdf,estado-analitico-del-activo-2,informacion-contable,tercer-trimestre
108,Estado Analítico de la Deuda y Otros Pasivos,2025-09-30 0:00:00,contabilidad,trimestral,https://iieg.jalisco.gob.mx/acervo/portal/archivos/contabilidad/2025/1i-estado-analitico-de-la-deuda-y-otros-pasivos-30-09-2025.pdf,estado-analitico-de-la-deuda-y-otros-pasivos-2,informacion-contable,tercer-trimestre
109,Estado Analítico de Ingresos,2025-09-30 0:00:00,contabilidad,trimestral,https://iieg.jalisco.gob.mx/acervo/portal/archivos/contabilidad/2025/2a-estado-analitico-de-ingresos-30-09-2025.pdf,estado-analitico-de-ingresos-2,informacion-presupuestal,tercer-trimestre-1
110,Estado Analítico del Ejercicio del Presupuesto de Egresos Clasificación Administrativa,2025-09-30 0:00:00,contabilidad,trimestral,https://iieg.jalisco.gob.mx/acervo/portal/archivos/contabilidad/2025/2b1-estado-analitico-del-ejercicio-del-presupesto-de-egresos-clasificacion-admistrativa-30092025.pdf,estado-analitico-del-ejercicio-del-presupuesto-de-egresos-clasificacion-administrativa-2,informacion-presupuestal,tercer-trimestre-1
111,Estado Analítico del Ejercicio del Presupuesto de Egresos Clasificación Económica,2025-09-30 0:00:00,contabilidad,trimestral,https://iieg.jalisco.gob.mx/acervo/portal/archivos/contabilidad/2025/2b2-estado-analitico-del-ejercicio-del-presupesto-de-egresos-clasificacion-economica-30092025.pdf,estado-analitico-del-ejercicio-del-presupuesto-de-egresos-clasificacion-economica-2,informacion-presupuestal,tercer-trimestre-1
112,Estado Analítico del Ejercicio del Presupuesto de Egresos Clasificación por Objeto del Gasto,2025-09-30 0:00:00,contabilidad,trimestral,https://iieg.jalisco.gob.mx/acervo/portal/archivos/contabilidad/2025/2b3-estado-analitico-del-ejercicio-del-presupesto-de-egresos-clasificacion-admistrativ-por-objeto-de-gasto-30092025.pdf,estado-analitico-del-ejercicio-del-presupuesto-de-egresos-clasificacion-por-objeto-del-gasto-2,informacion-presupuestal,tercer-trimestre-1
113,Estado Analítico del Ejercicio del Presupuesto de Egresos Clasificación Funcional,2025-09-30 0:00:00,contabilidad,trimestral,https://iieg.jalisco.gob.mx/acervo/portal/archivos/contabilidad/2025/2b4-estado-analitico-del-ejercicio-del-presupesto-de-egresos-clasificacion-funcional-30092025.pdf,estado-analitico-del-ejercicio-del-presupuesto-de-egresos-clasificacion-funcional-2,informacion-presupuestal,tercer-trimestre-1
114,Endeudamiento Neto,2025-09-30 0:00:00,contabilidad,trimestral,https://iieg.jalisco.gob.mx/acervo/portal/archivos/contabilidad/2025/2c-endeudamiento-neto-30-09-2025.pdf,endeudamiento-neto-2,informacion-presupuestal,tercer-trimestre-1
115,Intereses de la Deuda,2025-09-30 0:00:00,contabilidad,trimestral,https://iieg.jalisco.gob.mx/acervo/portal/archivos/contabilidad/2025/2d-intereses-de-la-deuda-30-09-2025.pdf,intereses-de-la-deuda-2,informacion-presupuestal,tercer-trimestre-1
116,Indicadores de la Postura Fiscal,2025-09-30 0:00:00,contabilidad,trimestral,https://iieg.jalisco.gob.mx/acervo/portal/archivos/contabilidad/2025/2e-indicadores-de-postura-fiscal-30-09-2025.pdf,indicadores-de-la-postura-fiscal-2,informacion-presupuestal,tercer-trimestre-1
117,Gasto por categoría programática,2025-09-30 0:00:00,contabilidad,trimestral,https://iieg.jalisco.gob.mx/acervo/portal/archivos/contabilidad/2025/3a-gasto-por-categoria-programatica-30092025.pdf,gasto-por-categoria-programatica-2,informacion-programatica,tercer-trimestre-2
118,Programa y Proyectos de Inversión,2025-09-30 0:00:00,contabilidad,trimestral,https://iieg.jalisco.gob.mx/acervo/portal/archivos/contabilidad/2025/3b-programas-y-proyectos-de-inversion-30092025.pdf,programa-y-proyectos-de-inversion-2,informacion-programatica,tercer-trimestre-2
119,Indicadores de Resultados,2025-09-30 0:00:00,contabilidad,trimestral,https://iieg.jalisco.gob.mx/acervo/portal/archivos/contabilidad/2025/3c-indicadores-de-resultados-30092025.pdf,indicadores-de-resultados-2,informacion-programatica,tercer-trimestre-2
120,Estado de Actividades,2025-12-31 0:00:00,contabilidad,trimestral,https://iieg.jalisco.gob.mx/acervo/portal/archivos/contabilidad/2025/01-estado-de-actividades-octubre-diciembre-2025.pdf,estado-de-actividades-3,informacion-contable,cuarto-trimestre
121,Estado de Situación Financiera,2025-12-31 0:00:00,contabilidad,trimestral,https://iieg.jalisco.gob.mx/acervo/portal/archivos/contabilidad/2025/02-estado-de-situacion-financiera-octubre-diciembre-2025.pdf,estado-de-situacion-financiera-3,informacion-contable,cuarto-trimestre
122,Estado de Variación en la Hacienda Pública,2025-12-31 0:00:00,contabilidad,trimestral,https://iieg.jalisco.gob.mx/acervo/portal/archivos/contabilidad/2025/03-estado-de-variacion-en-la-hacienda-publica-octubre-diciembre-2025.pdf,estado-de-variacion-en-la-hacienda-publica-3,informacion-contable,cuarto-trimestre
123,Estado de Cambios en la Situación Financiera,2025-12-31 0:00:00,contabilidad,trimestral,https://iieg.jalisco.gob.mx/acervo/portal/archivos/contabilidad/2025/04-estado-de-cambios-en-la-situacion-financiera-octubre-diciembre-2025.pdf,estado-de-cambios-en-la-situacion-financiera-3,informacion-contable,cuarto-trimestre
124,Estado de Flujos de Efectivo,2025-12-31 0:00:00,contabilidad,trimestral,https://iieg.jalisco.gob.mx/acervo/portal/archivos/contabilidad/2025/05-estado-de-flujos-de-efectivo-octubre-diciembre-2025.pdf,estado-de-flujos-de-efectivo-3,informacion-contable,cuarto-trimestre
125,Informe de Pasivos Contingentes,2025-12-31 0:00:00,contabilidad,trimestral,https://iieg.jalisco.gob.mx/acervo/portal/archivos/contabilidad/2025/06-informe-de-pasivos-contingentes-octubre-diciembre-2025.pdf,informe-de-pasivos-contingentes-3,informacion-contable,cuarto-trimestre
126,Notas a los Estados Financieros,2025-12-31 0:00:00,contabilidad,trimestral,https://iieg.jalisco.gob.mx/acervo/portal/archivos/contabilidad/2025/07-notas-de-los-estados-financieros-octubre-diciembre-2025.pdf,notas-a-los-estados-financieros-3,informacion-contable,cuarto-trimestre
127,Estado Analítico del Activo,2025-12-31 0:00:00,contabilidad,trimestral,https://iieg.jalisco.gob.mx/acervo/portal/archivos/contabilidad/2025/08-estado-analitico-del-activo-octubre-diciembre-2025.pdf,estado-analitico-del-activo-3,informacion-contable,cuarto-trimestre
128,Estado Analítico de la Deuda y Otros Pasivos,2025-12-31 0:00:00,contabilidad,trimestral,https://iieg.jalisco.gob.mx/acervo/portal/archivos/contabilidad/2025/09-estado-analitico-de-la-deuda-y-otros-pasivos-octubre-diciembre-2025.pdf,estado-analitico-de-la-deuda-y-otros-pasivos-3,informacion-contable,cuarto-trimestre
129,Estado Analítico de Ingresos,2025-12-31 0:00:00,contabilidad,trimestral,https://iieg.jalisco.gob.mx/acervo/portal/archivos/contabilidad/2025/10-estado-analitico-del-ingreso-octubre-diciembre-2025.pdf,estado-analitico-de-ingresos-3,informacion-presupuestal,cuarto-trimestre-1
130,Estado Analítico del Ejercicio del Presupuesto de Egresos Clasificación Administrativa,2025-12-31 0:00:00,contabilidad,trimestral,https://iieg.jalisco.gob.mx/acervo/portal/archivos/contabilidad/2025/11-estado-analitico-del-ejercicio-del-presupuesto-de-egresos-clasificacion-administrativa-octubre-diciembre-2025.pdf,estado-analitico-del-ejercicio-del-presupuesto-de-egresos-clasificacion-administrativa-3,informacion-presupuestal,cuarto-trimestre-1
131,Estado Analítico del Ejercicio del Presupuesto de Egresos Clasificación Económica,2025-12-31 0:00:00,contabilidad,trimestral,https://iieg.jalisco.gob.mx/acervo/portal/archivos/contabilidad/2025/12-estado-analitico-del-ejercicio-del-presupuesto-de-egresos-clasificacion-economica-octubre-diciembre-2025.pdf,estado-analitico-del-ejercicio-del-presupuesto-de-egresos-clasificacion-economica-3,informacion-presupuestal,cuarto-trimestre-1
132,Estado Analítico del Ejercicio del Presupuesto de Egresos Clasificación por Objeto del Gasto,2025-12-31 0:00:00,contabilidad,trimestral,https://iieg.jalisco.gob.mx/acervo/portal/archivos/contabilidad/2025/13-estado-analitico-del-ejercicio-del-presupuesto-de-egresos-clasificacion-por-objeto-del-gasto-octubre-diciembre-2025.pdf,estado-analitico-del-ejercicio-del-presupuesto-de-egresos-clasificacion-por-objeto-del-gasto-3,informacion-presupuestal,cuarto-trimestre-1
133,Estado Analítico del Ejercicio del Presupuesto de Egresos Clasificación Funcional,2025-12-31 0:00:00,contabilidad,trimestral,https://iieg.jalisco.gob.mx/acervo/portal/archivos/contabilidad/2025/14-estado-analitico-del-ejercicio-del-presupuesto-de-egresos-clasificacion-funcional-octubre-diciembre-2025.pdf,estado-analitico-del-ejercicio-del-presupuesto-de-egresos-clasificacion-funcional-3,informacion-presupuestal,cuarto-trimestre-1
134,Endeudamiento Neto,2025-12-31 0:00:00,contabilidad,trimestral,https://iieg.jalisco.gob.mx/acervo/portal/archivos/contabilidad/2025/15-endeudamiento-neto-octubre-diciembre-2025.pdf,endeudamiento-neto-3,informacion-presupuestal,cuarto-trimestre-1
135,Intereses de la Deuda,2025-12-31 0:00:00,contabilidad,trimestral,https://iieg.jalisco.gob.mx/acervo/portal/archivos/contabilidad/2025/16-intereses-de-la-deuda-2026.pdf,intereses-de-la-deuda-3,informacion-presupuestal,cuarto-trimestre-1
136,Indicadores de la Postura Fiscal,2025-12-31 0:00:00,contabilidad,trimestral,https://iieg.jalisco.gob.mx/acervo/portal/archivos/contabilidad/2025/17-indicadores-de-postura-fiscal-2025.pdf,indicadores-de-la-postura-fiscal-3,informacion-presupuestal,cuarto-trimestre-1
137,Gasto por categoría programática,2025-12-31 0:00:00,contabilidad,trimestral,https://iieg.jalisco.gob.mx/acervo/portal/archivos/contabilidad/2025/18-gasto-por-categoria-programatica-octubre-diciembre-2025.pdf,gasto-por-categoria-programatica-3,informacion-programatica,cuarto-trimestre-2
138,Programa y Proyectos de Inversión,2025-12-31 0:00:00,contabilidad,trimestral,https://iieg.jalisco.gob.mx/acervo/portal/archivos/contabilidad/2025/19-programas-y-proyectos-de-inversion-octubre-diciembre-2025.pdf,programa-y-proyectos-de-inversion-3,informacion-programatica,cuarto-trimestre-2
139,Indicadores de Resultados,2025-12-31 0:00:00,contabilidad,trimestral,https://iieg.jalisco.gob.mx/acervo/portal/archivos/contabilidad/2025/20-indicadores-de-resultados-octubre-diciembre-2025.pdf,indicadores-de-resultados-3,informacion-programatica,cuarto-trimestre-2
140,Estado de Actividades,2026-03-31 0:00:00,contabilidad,trimestral,https://iieg.jalisco.gob.mx/acervo/portal/archivos/contabilidad/2026/estado-de-actividades-enero-marzo-2026.pdf,estado-de-actividades-4,informacion-contable,primer-trimestre
141,Estado de Situación Financiera,2026-03-31 0:00:00,contabilidad,trimestral,https://iieg.jalisco.gob.mx/acervo/portal/archivos/contabilidad/2026/estado-de-situcion-financiera-enero-marzo-2026.pdf,estado-de-situacion-financiera-4,informacion-contable,primer-trimestre
142,Estado de Variación en la Hacienda Pública,2026-03-31 0:00:00,contabilidad,trimestral,https://iieg.jalisco.gob.mx/acervo/portal/archivos/contabilidad/2026/estado-de-variacion-en-la-hacienda-publica-enero-marzo-2026.pdf,estado-de-variacion-en-la-hacienda-publica-4,informacion-contable,primer-trimestre
143,Estado de Cambios en la Situación Financiera,2026-03-31 0:00:00,contabilidad,trimestral,https://iieg.jalisco.gob.mx/acervo/portal/archivos/contabilidad/2026/estado-de-cambios-en-la-situacion-financiera-enero-marzo-2026.pdf,estado-de-cambios-en-la-situacion-financiera-4,informacion-contable,primer-trimestre
144,Estado de Flujos de Efectivo,2026-03-31 0:00:00,contabilidad,trimestral,https://iieg.jalisco.gob.mx/acervo/portal/archivos/contabilidad/2026/estado-de-flujos-de-efectivo-enero-marzo-2026.pdf,estado-de-flujos-de-efectivo-4,informacion-contable,primer-trimestre
145,Informe de Pasivos Contingentes,2026-03-31 0:00:00,contabilidad,trimestral,https://iieg.jalisco.gob.mx/acervo/portal/archivos/contabilidad/2026/informe-sobre-pasivos-contingentes-enero-marzo-2026.pdf,informe-de-pasivos-contingentes-4,informacion-contable,primer-trimestre
146,Notas a los Estados Financieros,2026-03-31 0:00:00,contabilidad,trimestral,https://iieg.jalisco.gob.mx/acervo/portal/archivos/contabilidad/2026/notas-a-los-estados-financieros-enero-marzo-2026.pdf,notas-a-los-estados-financieros-4,informacion-contable,primer-trimestre
147,Estado Analítico del Activo,2026-03-31 0:00:00,contabilidad,trimestral,https://iieg.jalisco.gob.mx/acervo/portal/archivos/contabilidad/2026/estado-analitico-del-activo-enero-marzo-2026.pdf,estado-analitico-del-activo-4,informacion-contable,primer-trimestre
148,Estado Analítico de la Deuda y Otros Pasivos,2026-03-31 0:00:00,contabilidad,trimestral,https://iieg.jalisco.gob.mx/acervo/portal/archivos/contabilidad/2026/estado-analitico-de-la-deuda-y-otros-pasivos-enero-marzo-2026.pdf,estado-analitico-de-la-deuda-y-otros-pasivos-4,informacion-contable,primer-trimestre
149,Estado Analítico de Ingresos,2026-03-31 0:00:00,contabilidad,trimestral,https://iieg.jalisco.gob.mx/acervo/portal/archivos/contabilidad/2026/estado-analitico-de-ingresos-enero-marzo-2026.pdf,estado-analitico-de-ingresos-4,informacion-presupuestal,primer-trimestre-1
150,Estado Analítico del Ejercicio del Presupuesto de Egresos Clasificación Administrativa,2026-03-31 0:00:00,contabilidad,trimestral,https://iieg.jalisco.gob.mx/acervo/portal/archivos/contabilidad/2026/estado-analitico-del-ejercicio-del-presupuesto-de-egresos-clasificacion-administrativa-enero-marzo-2026.pdf,estado-analitico-del-ejercicio-del-presupuesto-de-egresos-clasificacion-administrativa-4,informacion-presupuestal,primer-trimestre-1
151,Estado Analítico del Ejercicio del Presupuesto de Egresos Clasificación Económica,2026-03-31 0:00:00,contabilidad,trimestral,https://iieg.jalisco.gob.mx/acervo/portal/archivos/contabilidad/2026/estado-analitico-del-ejercicio-del-presupuesto-de-egresos-clasificacion-economica-enero-marzo-2026.pdf,estado-analitico-del-ejercicio-del-presupuesto-de-egresos-clasificacion-economica-4,informacion-presupuestal,primer-trimestre-1
152,Estado Analítico del Ejercicio del Presupuesto de Egresos Clasificación por Objeto del Gasto,2026-03-31 0:00:00,contabilidad,trimestral,https://iieg.jalisco.gob.mx/acervo/portal/archivos/contabilidad/2026/estado-analitic-del-ejercicio-del-presupuesto-de-egresos-clasificacion-por-objeto-del-gasto-enero-marzo-2026.pdf,estado-analitico-del-ejercicio-del-presupuesto-de-egresos-clasificacion-por-objeto-del-gasto-4,informacion-presupuestal,primer-trimestre-1
153,Estado Analítico del Ejercicio del Presupuesto de Egresos Clasificación Funcional,2026-03-31 0:00:00,contabilidad,trimestral,https://iieg.jalisco.gob.mx/acervo/portal/archivos/contabilidad/2026/estado-analitico-del-ejercicio-del-presupuesto-de-egresos-clasificacion-funcional-enero-marzo-2026.pdf,estado-analitico-del-ejercicio-del-presupuesto-de-egresos-clasificacion-funcional-4,informacion-presupuestal,primer-trimestre-1
154,Endeudamiento Neto,2026-03-31 0:00:00,contabilidad,trimestral,https://iieg.jalisco.gob.mx/acervo/portal/archivos/contabilidad/2026/endeudamiento-neto-enero-marzo-2026.pdf,endeudamiento-neto-4,informacion-presupuestal,primer-trimestre-1
155,Intereses de la Deuda,2026-03-31 0:00:00,contabilidad,trimestral,https://iieg.jalisco.gob.mx/acervo/portal/archivos/contabilidad/2026/intereses-de-la-deuda-enero-marzo-2026.pdf,intereses-de-la-deuda-4,informacion-presupuestal,primer-trimestre-1
156,Indicadores de la Postura Fiscal,2026-03-31 0:00:00,contabilidad,trimestral,https://iieg.jalisco.gob.mx/acervo/portal/archivos/contabilidad/2026/indicadores-de-postura-fiscal-enero-marzo-2026.pdf,indicadores-de-la-postura-fiscal-4,informacion-presupuestal,primer-trimestre-1
157,Flujo de Fondos,2026-03-31 0:00:00,contabilidad,trimestral,https://iieg.jalisco.gob.mx/acervo/portal/archivos/contabilidad/2026/flujo-de-fondos-enero-marzo-2026.pdf,flujo-de-fondos,informacion-presupuestal,primer-trimestre-1
158,Gasto por categoría programática,2026-03-31 0:00:00,contabilidad,trimestral,https://iieg.jalisco.gob.mx/acervo/portal/archivos/contabilidad/2026/gasto-por-categoria-programatica-enero-marzo-2026.pdf,gasto-por-categoria-programatica-4,informacion-programatica,primer-trimestre-2
159,Programa y Proyectos de Inversión,2026-03-31 0:00:00,contabilidad,trimestral,https://iieg.jalisco.gob.mx/acervo/portal/archivos/contabilidad/2026/programas-y-proyectos-de-inversion-enero-marzo-2026.pdf,programa-y-proyectos-de-inversion-4,informacion-programatica,primer-trimestre-2
160,Indicadores de Resultados,2026-03-31 0:00:00,contabilidad,trimestral,https://iieg.jalisco.gob.mx/acervo/portal/archivos/contabilidad/2026/indicadores-de-resultados-enero-marzo-2026.pdf,indicadores-de-resultados-4,informacion-programatica,primer-trimestre-2
161,Estado de Actividades,2026-06-30 0:00:00,contabilidad,trimestral,https://iieg.jalisco.gob.mx/acervo/portal/archivos/contabilidad/2026/01-estado-de-actividades-iieg-abril-junio-2026.pdf,estado-de-actividades-5,informacion-contable,segundo-trimestre
162,Estado de Situación Financiera,2026-06-30 0:00:00,contabilidad,trimestral,https://iieg.jalisco.gob.mx/acervo/portal/archivos/contabilidad/2026/02-estado-de-situacion-financiera-iieg-abril-junio-2026.pdf,estado-de-situacion-financiera-5,informacion-contable,segundo-trimestre
163,Estado de Variación en la Hacienda Pública,2026-06-30 0:00:00,contabilidad,trimestral,https://iieg.jalisco.gob.mx/acervo/portal/archivos/contabilidad/2026/03-estado-de-variacion-en-la-hacienda-publica-iieg-abril-junio-2026.pdf,estado-de-variacion-en-la-hacienda-publica-5,informacion-contable,segundo-trimestre
164,Estado de Cambios en la Situación Financiera,2026-06-30 0:00:00,contabilidad,trimestral,https://iieg.jalisco.gob.mx/acervo/portal/archivos/contabilidad/2026/04-estado-de-cambios-en-la-situacion-financiera-iieg-abril-junio-2026.pdf,estado-de-cambios-en-la-situacion-financiera-5,informacion-contable,segundo-trimestre
165,Estado de Flujos de Efectivo,2026-06-30 0:00:00,contabilidad,trimestral,https://iieg.jalisco.gob.mx/acervo/portal/archivos/contabilidad/2026/05-estado-de-flujos-de-efectivo-iieg-abril-junio-2026.pdf,estado-de-flujos-de-efectivo-5,informacion-contable,segundo-trimestre
166,Informe de Pasivos Contingentes,2026-06-30 0:00:00,contabilidad,trimestral,https://iieg.jalisco.gob.mx/acervo/portal/archivos/contabilidad/2026/06-informe-sobre-pasivos-contingentes-iieg-abril-junio-2026.pdf,informe-de-pasivos-contingentes-5,informacion-contable,segundo-trimestre
167,Notas a los Estados Financieros,2026-06-30 0:00:00,contabilidad,trimestral,https://iieg.jalisco.gob.mx/acervo/portal/archivos/contabilidad/2026/07-notas-finacieras-iieg-abril-junio-2026.pdf,notas-a-los-estados-financieros-5,informacion-contable,segundo-trimestre
168,Estado Analítico del Activo,2026-06-30 0:00:00,contabilidad,trimestral,https://iieg.jalisco.gob.mx/acervo/portal/archivos/contabilidad/2026/08-estado-analitico-del-activo-iieg-abril-junio-2026.pdf,estado-analitico-del-activo-5,informacion-contable,segundo-trimestre
169,Estado Analítico de la Deuda y Otros Pasivos,2026-06-30 0:00:00,contabilidad,trimestral,https://iieg.jalisco.gob.mx/acervo/portal/archivos/contabilidad/2026/09-estado-analitico-de-la-deuda-y-otros-pasivos-iieg-abril-junio-2026.pdf,estado-analitico-de-la-deuda-y-otros-pasivos-5,informacion-contable,segundo-trimestre
170,Estado Analítico de Ingresos,2026-06-30 0:00:00,contabilidad,trimestral,https://iieg.jalisco.gob.mx/acervo/portal/archivos/contabilidad/2026/10-estado-analitico-de-ingresos-iieg-abril-junio-2026.pdf,estado-analitico-de-ingresos-5,informacion-presupuestal,segundo-trimestre-1
171,Estado Analítico del Ejercicio del Presupuesto de Egresos Clasificación Administrativa,2026-06-30 0:00:00,contabilidad,trimestral,https://iieg.jalisco.gob.mx/acervo/portal/archivos/contabilidad/2026/11-estado-analitico-del-ejercicio-del-presupuesto-de-egresos-por-clasificacion-administrativa-abril-junio-2026.pdf,estado-analitico-del-ejercicio-del-presupuesto-de-egresos-clasificacion-administrativa-5,informacion-presupuestal,segundo-trimestre-1
172,Estado Analítico del Ejercicio del Presupuesto de Egresos Clasificación Económica,2026-06-30 0:00:00,contabilidad,trimestral,https://iieg.jalisco.gob.mx/acervo/portal/archivos/contabilidad/2026/12-estado-analitico-del-ejercicio-del-presupuesto-de-egresos-por-clasificacion-economica-por-tipo-de-gasto-abril-junio-2026.pdf,estado-analitico-del-ejercicio-del-presupuesto-de-egresos-clasificacion-economica-5,informacion-presupuestal,segundo-trimestre-1
173,Estado Analítico del Ejercicio del Presupuesto de Egresos Clasificación por Objeto del Gasto,2026-06-30 0:00:00,contabilidad,trimestral,https://iieg.jalisco.gob.mx/acervo/portal/archivos/contabilidad/2026/13-estado-analitico-del-ejercicio-del-presupuesto-de-egresos-por-clasificacion-por-objeto-del-gasto-abril-junio-2026.pdf,estado-analitico-del-ejercicio-del-presupuesto-de-egresos-clasificacion-por-objeto-del-gasto-5,informacion-presupuestal,segundo-trimestre-1
174,Estado Analítico del Ejercicio del Presupuesto de Egresos Clasificación Funcional,2026-06-30 0:00:00,contabilidad,trimestral,https://iieg.jalisco.gob.mx/acervo/portal/archivos/contabilidad/2026/14-estado-analitico-del-ejercicio-del-presupuesto-de-egresos-por-clasificacion-funcional-abril-junio-2026.pdf,estado-analitico-del-ejercicio-del-presupuesto-de-egresos-clasificacion-funcional-5,informacion-presupuestal,segundo-trimestre-1
175,Endeudamiento Neto,2026-06-30 0:00:00,contabilidad,trimestral,https://iieg.jalisco.gob.mx/acervo/portal/archivos/contabilidad/2026/15-endeudamiento-neto-iieg-abril-junio-2026.pdf,endeudamiento-neto-5,informacion-presupuestal,segundo-trimestre-1
176,Intereses de la Deuda,2026-06-30 0:00:00,contabilidad,trimestral,https://iieg.jalisco.gob.mx/acervo/portal/archivos/contabilidad/2026/16-intereses-de-la-deuda-iieg-abril-junio-2026.pdf,intereses-de-la-deuda-5,informacion-presupuestal,segundo-trimestre-1
177,Indicadores de la Postura Fiscal,2026-06-30 0:00:00,contabilidad,trimestral,https://iieg.jalisco.gob.mx/acervo/portal/archivos/contabilidad/2026/17-indicadores-de-postura-fiscal-abril-junio-2026.pdf,indicadores-de-la-postura-fiscal-5,informacion-presupuestal,segundo-trimestre-1
178,Flujo de Fondos,2026-06-30 0:00:00,contabilidad,trimestral,https://iieg.jalisco.gob.mx/acervo/portal/archivos/contabilidad/2026/18-flujo-de-fondos-iieg-abril-junio-2026.pdf,flujo-de-fondos-1,informacion-presupuestal,segundo-trimestre-1
179,Gasto por categoría programática,2026-06-30 0:00:00,contabilidad,trimestral,https://iieg.jalisco.gob.mx/acervo/portal/archivos/contabilidad/2026/20-gasto-por-categoria-programatica-iieg-abril-junio-2026.pdf,gasto-por-categoria-programatica-5,informacion-programatica,segundo-trimestre-2
180,Programa y Proyectos de Inversión,2026-06-30 0:00:00,contabilidad,trimestral,https://iieg.jalisco.gob.mx/acervo/portal/archivos/contabilidad/2026/21-programas-y-proyectos-de-inversion-iieg-abril-junio-2026.pdf,programa-y-proyectos-de-inversion-5,informacion-programatica,segundo-trimestre-2
181,Indicadores de Resultados,2026-06-30 0:00:00,contabilidad,trimestral,https://iieg.jalisco.gob.mx/acervo/portal/archivos/contabilidad/2026/22-indicadores-de-resutados-iieg-abril-junio-2026.pdf,indicadores-de-resultados-5,anexos,segundo-trimestre-3
182,Acta de la segunda sesión del Grupo Interdiciplinario de Archivos,2025-12-31 0:00:00,institucional,anual,https://iieg.jalisco.gob.mx/acervo/portal/archivos/institucional/2025/acta-de-la-segunda-sesion-del-grupo-interdisciplinario-de-archivos.pdf,acta-de-la-segunda-sesion-del-grupo-interdiciplinario-de-archivos,grupo-interdisciplinario-de-archivos,actas
183,Acta Primera sesión Ordinaria GIA 2025,2025-12-31 0:00:00,institucional,anual,https://iieg.jalisco.gob.mx/acervo/portal/archivos/institucional/2025/acta-primera-sesion-ordinaria-gia-2025.pdf,acta-primera-sesion-ordinaria-gia-2025,grupo-interdisciplinario-de-archivos,actas
184,Convocatoria Primera sesión ordinaria GIA 2025,2025-12-31 0:00:00,institucional,anual,https://iieg.jalisco.gob.mx/acervo/portal/archivos/institucional/2025/convocatoria-primera-sesion-ordinaria-gia-2025.pdf,convocatoria-primera-sesion-ordinaria-gia-2025,grupo-interdisciplinario-de-archivos,convocatorias
185,Convocatoria Segunda sesión Ordinaria Grupo Interdiciplinario de archivo,2025-12-31 0:00:00,institucional,anual,https://iieg.jalisco.gob.mx/acervo/portal/archivos/institucional/2025/convocatoria-segunda-sesion-ordinaria-grupo-interdisciplinario-de-archivo.pdf,convocatoria-segunda-sesion-ordinaria-grupo-interdiciplinario-de-archivo,grupo-interdisciplinario-de-archivos,convocatorias
186,Acta Primera sesión Extraordinaria GIA 2026,2026-02-02 0:00:00,institucional,anual,https://iieg.jalisco.gob.mx/acervo/portal/archivos/institucional/2026/acta-primera-sesion-extraordinaria-gia-2026.pdf,acta-primera-sesion-extraordinaria-gia-2026,grupo-interdisciplinario-de-archivos,actas
187,Acta Primera sesión Ordinaria GIA 2026,2026-02-02 0:00:00,institucional,anual,https://iieg.jalisco.gob.mx/acervo/portal/archivos/institucional/2026/acta-primera-sesion-ordinaria-gia-2026.pdf,acta-primera-sesion-ordinaria-gia-2026,grupo-interdisciplinario-de-archivos,actas
188,Acta de la segunda sesión extraodinaria del GIA 2026,2026-02-02 0:00:00,institucional,anual,https://iieg.jalisco.gob.mx/acervo/portal/archivos/institucional/2026/acta-de-la-segunda-sesion-extraordinaria-del-gia-2026.pdf,acta-de-la-segunda-sesion-extraodinaria-del-gia-2026,grupo-interdisciplinario-de-archivos,actas
189,Convocatoria Primera sesión ordinaria GIA 2026,2026-02-02 0:00:00,institucional,anual,https://iieg.jalisco.gob.mx/acervo/portal/archivos/institucional/2026/convocatoria-primera-sesion-ordinaria-gia-2026.pdf,convocatoria-primera-sesion-ordinaria-gia-2026,grupo-interdisciplinario-de-archivos,convocatorias
190,Convocatoria Segunda sesión extraordinaria GIA,2026-02-02 0:00:00,institucional,anual,https://iieg.jalisco.gob.mx/acervo/portal/archivos/institucional/2026/convocatoria-segunda-sesion-extraordinaria-gia.pdf,convocatoria-segunda-sesion-extraordinaria-gia,grupo-interdisciplinario-de-archivos,convocatorias
191,Primera sesión extraordinaria GIA 2026,2026-02-02 0:00:00,institucional,anual,https://iieg.jalisco.gob.mx/acervo/portal/archivos/institucional/2026/primera-sesion-extraordinaria-gia-2026.pdf,primera-sesion-extraordinaria-gia-2026,grupo-interdisciplinario-de-archivos,convocatorias
192,Reglas de Operación Grupo interdisciplinario de archivos IIEG 2026,2026-02-02 0:00:00,institucional,anual,https://iieg.jalisco.gob.mx/acervo/portal/archivos/institucional/2026/reglas-de-operacion-grupo-interdisciplinario-de-archivos-iieg-2026.pdf,reglas-de-operacion-grupo-interdisciplinario-de-archivos-iieg-2026,grupo-interdisciplinario-de-archivos,actas
193,Catálogo de Disposición Documental,2026-02-02 0:00:00,institucional,anual,https://iieg.jalisco.gob.mx/acervo/portal/archivos/institucional/2026/catalogo-de-disposicion-documental-2026.pdf,catalogo-de-disposicion-documental,instrumentos-de-control-y-consulta-archivistica,
194,Cuadro General de Clasificación Archivística 2026,2026-02-02 0:00:00,institucional,anual,https://iieg.jalisco.gob.mx/acervo/portal/archivos/institucional/2026/cuadro-general-de-clasificacion-archivistica-2026.pdf,cuadro-general-de-clasificacion-archivistica-2026,instrumentos-de-control-y-consulta-archivistica,
195,Inventario de Archivo de trámite 2025,2025-12-31 0:00:00,institucional,anual,https://iieg.jalisco.gob.mx/acervo/portal/archivos/institucional/2025/inventario-de-archivo-de-tramite-2025.xlsx,inventario-de-archivo-de-tramite-2025,instrumentos-de-control-y-consulta-archivistica,
196,1C Legislación,2026-02-02 0:00:00,institucional,anual,https://iieg.jalisco.gob.mx/acervo/portal/archivos/institucional/2026/1c-legislacion.pdf,1c-legislacion,instrumentos-de-control-y-consulta-archivistica,fichas-tecnicas-de-valoracion-documental
197,1S Gobierno y Administración,2026-02-02 0:00:00,institucional,anual,https://iieg.jalisco.gob.mx/acervo/portal/archivos/institucional/2026/1s-gobierno-y-administracion.pdf,1s-gobierno-y-administracion,instrumentos-de-control-y-consulta-archivistica,fichas-tecnicas-de-valoracion-documental
198,2C Asuntos,2026-02-02 0:00:00,institucional,anual,https://iieg.jalisco.gob.mx/acervo/portal/archivos/institucional/2026/2c-asuntos-juridicos.pdf,2c-asuntos,instrumentos-de-control-y-consulta-archivistica,fichas-tecnicas-de-valoracion-documental
199,2S Dirección General,2026-02-02 0:00:00,institucional,anual,https://iieg.jalisco.gob.mx/acervo/portal/archivos/institucional/2026/2s-direccion-general.pdf,2s-direccion-general,instrumentos-de-control-y-consulta-archivistica,fichas-tecnicas-de-valoracion-documental
200,3C Transparencia,2026-02-02 0:00:00,institucional,anual,https://iieg.jalisco.gob.mx/acervo/portal/archivos/institucional/2026/3c-transparencia.pdf,3c-transparencia,instrumentos-de-control-y-consulta-archivistica,fichas-tecnicas-de-valoracion-documental
201,3S Dirección del sistema de información,2026-02-02 0:00:00,institucional,anual,https://iieg.jalisco.gob.mx/acervo/portal/archivos/institucional/2026/3s-direccion-del-sistema-de-informacion.pdf,3s-direccion-del-sistema-de-informacion,instrumentos-de-control-y-consulta-archivistica,fichas-tecnicas-de-valoracion-documental
202,4C Comité de ética,2026-02-02 0:00:00,institucional,anual,https://iieg.jalisco.gob.mx/acervo/portal/archivos/institucional/2026/4c-comite-de-etica.pdf,4c-comite-de-etica,instrumentos-de-control-y-consulta-archivistica,fichas-tecnicas-de-valoracion-documental
203,4S Estadística y Análisis Estratégico,2026-02-02 0:00:00,institucional,anual,https://iieg.jalisco.gob.mx/acervo/portal/archivos/institucional/2026/4s-estadistica-y-analisis-estrategico.pdf,4s-estadistica-y-analisis-estrategico,instrumentos-de-control-y-consulta-archivistica,fichas-tecnicas-de-valoracion-documental
204,5C Asuntos Administrativos,2026-02-02 0:00:00,institucional,anual,https://iieg.jalisco.gob.mx/acervo/portal/archivos/institucional/2026/5c-asuntos-administrativos.pdf,5c-asuntos-administrativos,instrumentos-de-control-y-consulta-archivistica,fichas-tecnicas-de-valoracion-documental
205,5S Información Geoespacial,2026-02-02 0:00:00,institucional,anual,https://iieg.jalisco.gob.mx/acervo/portal/archivos/institucional/2026/5s-informacion-geoespacial.pdf,5s-informacion-geoespacial,instrumentos-de-control-y-consulta-archivistica,fichas-tecnicas-de-valoracion-documental
206,6C Comité de Adquisiciones,2026-02-02 0:00:00,institucional,anual,https://iieg.jalisco.gob.mx/acervo/portal/archivos/institucional/2026/6c-comite-de-adquisiciones.pdf,6c-comite-de-adquisiciones,instrumentos-de-control-y-consulta-archivistica,fichas-tecnicas-de-valoracion-documental
207,6S Órgano Interno de Control,2026-02-02 0:00:00,institucional,anual,https://iieg.jalisco.gob.mx/acervo/portal/archivos/institucional/2026/6s-organo-interno-de-control.pdf,6s-organo-interno-de-control,instrumentos-de-control-y-consulta-archivistica,fichas-tecnicas-de-valoracion-documental
208,7C Comité de control Interno y Desempeño Institucional,2026-02-02 0:00:00,institucional,anual,https://iieg.jalisco.gob.mx/acervo/portal/archivos/institucional/2026/7c-comite-de-control-interno-y-desempeno-institucional.pdf,7c-comite-de-control-interno-y-desempeno-institucional,instrumentos-de-control-y-consulta-archivistica,fichas-tecnicas-de-valoracion-documental
209,8C Recursos Humanos y Capacitación,2026-02-02 0:00:00,institucional,anual,https://iieg.jalisco.gob.mx/acervo/portal/archivos/institucional/2026/8c-recursos-humanos-y-capacitacion.pdf,8c-recursos-humanos-y-capacitacion,instrumentos-de-control-y-consulta-archivistica,fichas-tecnicas-de-valoracion-documental
210,9C Recursos Financieros y Control Presupuestal,2026-02-02 0:00:00,institucional,anual,https://iieg.jalisco.gob.mx/acervo/portal/archivos/institucional/2026/9c-recursos-financieros-y-control-presupuestal.pdf,9c-recursos-financieros-y-control-presupuestal,instrumentos-de-control-y-consulta-archivistica,fichas-tecnicas-de-valoracion-documental
211,10C Recursos Materiales,2026-02-02 0:00:00,institucional,anual,https://iieg.jalisco.gob.mx/acervo/portal/archivos/institucional/2026/10c-recursos-materiales.pdf,10c-recursos-materiales,instrumentos-de-control-y-consulta-archivistica,fichas-tecnicas-de-valoracion-documental
212,11C Soporte Técnico,2026-02-02 0:00:00,institucional,anual,https://iieg.jalisco.gob.mx/acervo/portal/archivos/institucional/2026/11c-soporte-tecnico.pdf,11c-soporte-tecnico,instrumentos-de-control-y-consulta-archivistica,fichas-tecnicas-de-valoracion-documental
213,14C Coordinación de Archivos,2026-02-02 0:00:00,institucional,anual,https://iieg.jalisco.gob.mx/acervo/portal/archivos/institucional/2026/14c-coordinacion-de-archivos.pdf,14c-coordinacion-de-archivos,instrumentos-de-control-y-consulta-archivistica,fichas-tecnicas-de-valoracion-documental
214,14C Integración Operativa y Planeación,2026-02-02 0:00:00,institucional,anual,https://iieg.jalisco.gob.mx/acervo/portal/archivos/institucional/2026/14c-integracion-operativa-y-planeacion.pdf,14c-integracion-operativa-y-planeacion,instrumentos-de-control-y-consulta-archivistica,fichas-tecnicas-de-valoracion-documental
215,Criterios para la organización y conservación de los documentos en archivos de trámite y de concentración,2026-02-02 0:00:00,institucional,anual,https://iieg.jalisco.gob.mx/acervo/portal/archivos/institucional/2026/criterios-para-la-organizacion-y-conservacion-de-los-documentos-en-archivos-de-tramite-y-de-concentracion.pdf,criterios-para-la-organizacion-y-conservacion-de-los-documentos-en-archivos-de-tramite-y-de-concentracion,planeacion-y-normatividad-archivistica-institucional,
216,Informe del cumplimiento del plan anual de Desarrollo Archivístico 2025,2025-12-31 0:00:00,institucional,anual,https://iieg.jalisco.gob.mx/acervo/portal/archivos/institucional/2025/plan-anual-de-desarrollo-archivistico-2025.pdf,informe-del-cumplimiento-del-plan-anual-de-desarrollo-archivistico-2025,planeacion-y-normatividad-archivistica-institucional,
217,Plan anual de Desarrollo Archivístico 2025,2025-12-31 0:00:00,institucional,anual,https://iieg.jalisco.gob.mx/acervo/portal/archivos/institucional/2025/plan-anual-de-desarrollo-archivistico-2025.pdf,plan-anual-de-desarrollo-archivistico-2025,planeacion-y-normatividad-archivistica-institucional,
218,Plan Anual de Desarrollo Archivístico 2026,2026-02-02 0:00:00,institucional,anual,https://iieg.jalisco.gob.mx/acervo/portal/archivos/institucional/2026/plan-anual-de-desarrollo-archivistico-2026.pdf,plan-anual-de-desarrollo-archivistico-2026,instrumentos-de-control-y-consulta-archivistica,
219,Estado de Situación Financiera Detallado - LDF,2026-06-30 0:00:00,contabilidad,trimestral,https://iieg.jalisco.gob.mx/acervo/portal/archivos/contabilidad/2026/estado_de_situacion_financiera_detallado_ldf_abril_junio_2026.pdf,estado-de-situacion-financiera-detallado-ldf,ley-de-disciplina-financiera,
220,Informe Analítico de la Deuda Pública y otros Pasivos - LFD,2026-03-30 0:00:00,contabilidad,trimestral,https://iieg.jalisco.gob.mx/acervo/portal/archivos/contabilidad/2026/informe_analitico_de_la_deuda_publica_y_otros_pasivos_ldf_abril_junio_2026.pdf,informe-analitico-de-la-deuda-publica-y-otros-pasivos-lfd,ley-de-disciplina-financiera,
221,Informe Analítico de Obligaciones Direfrentes de Financiamientos - LDF,2025-12-30 0:00:00,contabilidad,trimestral,https://iieg.jalisco.gob.mx/acervo/portal/archivos/contabilidad/2026/informe_analitico_obligaciones_diferentes_de_financiamiento_ldf_abril_junio_2026.pdf,informe-analitico-de-obligaciones-direfrentes-de-financiamientos-ldf,ley-de-disciplina-financiera,
222,Balance Presupuestario - LDF,2025-09-30 0:00:00,contabilidad,trimestral,https://iieg.jalisco.gob.mx/acervo/portal/archivos/contabilidad/2026/balance_presupuestario_ldf_abril_junio_2026.pdf,balance-presupuestario-ldf,ley-de-disciplina-financiera,
223,Estado Analítico de Ingresos Detallado - LDF,2025-06-30 0:00:00,contabilidad,trimestral,https://iieg.jalisco.gob.mx/acervo/portal/archivos/contabilidad/2026/estado_analitico_de_ingresos_detallado_ldf_abril_junio_2026.pdf,estado-analitico-de-ingresos-detallado-ldf,ley-de-disciplina-financiera,
224,Clasificación por Objeto del Gasto - LDF,2025-03-30 0:00:00,contabilidad,trimestral,https://iieg.jalisco.gob.mx/acervo/portal/archivos/contabilidad/2026/clasificacion_por_objeto_del_gasto_ldf_abril_junio_2026.pdf,clasificacion-por-objeto-del-gasto-ldf,ley-de-disciplina-financiera,
225,Clasicación Administrativa - LDF,2024-12-30 0:00:00,contabilidad,trimestral,https://iieg.jalisco.gob.mx/acervo/portal/archivos/contabilidad/2026/clasificacion_administrativa_ldf_abril_junio_2026.pdf,clasicacion-administrativa-ldf,ley-de-disciplina-financiera,
226,Clasificación Funcional (Finalidad y Función) - LDF,2024-09-30 0:00:00,contabilidad,trimestral,https://iieg.jalisco.gob.mx/acervo/portal/archivos/contabilidad/2026/clasificacion_funcional_finalidad_y_funcion_ldf_abril_junio_2026.pdf,clasificacion-funcional-finalidad-y-funcion-ldf,ley-de-disciplina-financiera,
227,Clasificación de Servicios Personales por Categoría - LDF,2024-06-30 0:00:00,contabilidad,trimestral,https://iieg.jalisco.gob.mx/acervo/portal/archivos/contabilidad/2026/clasificacion_de_servicios_personales_por_categoria_ldf_abril_junio_2026.pdf,clasificacion-de-servicios-personales-por-categoria-ldf,ley-de-disciplina-financiera,
228,Estado de Situación Finaniera Detallado - LDF,2026-03-31 0:00:00,contabilidad,trimestral,https://iieg.jalisco.gob.mx/acervo/portal/archivos/contabilidad/2026/estado_de_situacion_financiera_detallado_ldf_enero_marzo_2026.pdf,estado-de-situacion-finaniera-detallado-ldf-1,ley-de-disciplina-financiera,
229,Informe Analítico de la Deuda Pública y otros Pasivos - LFD,2026-03-31 0:00:00,contabilidad,trimestral,https://iieg.jalisco.gob.mx/acervo/portal/archivos/contabilidad/2026/informe_analitico_de_la_deuda_publica_y_otros_pasivos_ldf_enero_marzo_2026-1.pdf,informe-analitico-de-la-deuda-publica-y-otros-pasivos-lfd-1,ley-de-disciplina-financiera,
230,Informe Analítico de Obligaciones Direfrentes de Financiamientos - LDF,2026-03-31 0:00:00,contabilidad,trimestral,https://iieg.jalisco.gob.mx/acervo/portal/archivos/contabilidad/2026/informe_analitico_de_la_deuda_publica_y_otros_pasivos_ldf_enero_marzo_2026-1.pdf,informe-analitico-de-obligaciones-direfrentes-de-financiamientos-ldf-1,ley-de-disciplina-financiera,
231,Balance Presupuestario - LDF,2026-03-31 0:00:00,contabilidad,trimestral,https://iieg.jalisco.gob.mx/acervo/portal/archivos/contabilidad/2026/balance_presupuestario_ldf_enero_marzo_2026.pdf,balance-presupuestario-ldf-1,ley-de-disciplina-financiera,
232,Estado Analítico de Ingresos Detallado - LDF,2026-03-31 0:00:00,contabilidad,trimestral,https://iieg.jalisco.gob.mx/acervo/portal/archivos/contabilidad/2026/estado_analitico_de_ingresos_detallado_ldf_enero_marzo_2026.pdf,estado-analitico-de-ingresos-detallado-ldf-1,ley-de-disciplina-financiera,
233,Clasificación por Objeto del Gasto - LDF,2026-03-31 0:00:00,contabilidad,trimestral,https://iieg.jalisco.gob.mx/acervo/portal/archivos/contabilidad/2026/clasificacion_por_objeto_del_gasto_capitulo_y_concepto_enero_marzo_2026.pdf,clasificacion-por-objeto-del-gasto-ldf-1,ley-de-disciplina-financiera,
234,Clasificación Administrativa - LDF,2026-03-31 0:00:00,contabilidad,trimestral,https://iieg.jalisco.gob.mx/acervo/portal/archivos/contabilidad/2026/clasificacion_administrativa_ldf_enero_marzo_2026-1.pdf,clasificacion-administrativa-ldf,ley-de-disciplina-financiera,
235,Clasificación Funcional (Finalidad y Función) - LDF,2026-03-31 0:00:00,contabilidad,trimestral,https://iieg.jalisco.gob.mx/acervo/portal/archivos/contabilidad/2026/clasificacion_funcional_finalidad_y_funcion_ldf_enero_marzo_2026.pdf,clasificacion-funcional-finalidad-y-funcion-ldf-1,ley-de-disciplina-financiera,
236,Clasificación de Servicios Personales por Categoría - LDF,2026-03-31 0:00:00,contabilidad,trimestral,https://iieg.jalisco.gob.mx/acervo/portal/archivos/contabilidad/2026/clasificacion_de_servicios_personales_por_categoria_ldf_enero_marzo_2026.pdf,clasificacion-de-servicios-personales-por-categoria-ldf-1,ley-de-disciplina-financiera,
237,Estado de Situación Finaniera Detallado - LDF,2025-12-31 0:00:00,contabilidad,anual,https://iieg.jalisco.gob.mx/acervo/portal/archivos/contabilidad/2025/estado_de_situacion_financiera_detallado_ldf_2025.pdf,estado-de-situacion-finaniera-detallado-ldf-2,ley-de-disciplina-financiera,
238,Informe Analítico de la Deuda Pública y otros Pasivos - LFD,2025-12-31 0:00:00,contabilidad,anual,https://iieg.jalisco.gob.mx/acervo/portal/archivos/contabilidad/2025/informe_analitico_de_la_deuda_publica_y_otros_pasivos_ldf_2025.pdf,informe-analitico-de-la-deuda-publica-y-otros-pasivos-lfd-2,ley-de-disciplina-financiera,
239,Informe Analítico de Obligaciones Direfrentes de Financiamientos - LDF,2025-12-31 0:00:00,contabilidad,anual,https://iieg.jalisco.gob.mx/acervo/portal/archivos/contabilidad/2025/informe_analitico_de_obligaciones_diferentes_de_financiamiento_ldf_2025.pdf,informe-analitico-de-obligaciones-direfrentes-de-financiamientos-ldf-2,ley-de-disciplina-financiera,
240,Balance Presupuestario - LDF,2025-12-31 0:00:00,contabilidad,anual,https://iieg.jalisco.gob.mx/acervo/portal/archivos/contabilidad/2025/balance_presupuestario_ldf_2025.pdf,balance-presupuestario-ldf-2,ley-de-disciplina-financiera,
241,Estado Analítico de Ingresos Detallado - LDF,2025-12-31 0:00:00,contabilidad,anual,https://iieg.jalisco.gob.mx/acervo/portal/archivos/contabilidad/2025/estado_analitico_de_ingresos_detallados_ldf_2025.pdf,estado-analitico-de-ingresos-detallado-ldf-2,ley-de-disciplina-financiera,
242,Clasificación por Objeto del Gasto - LDF,2025-12-31 0:00:00,contabilidad,anual,https://iieg.jalisco.gob.mx/acervo/portal/archivos/contabilidad/2025/clasificacion_por_objeto_del_gasto_ldf_2025.pdf,clasificacion-por-objeto-del-gasto-ldf-2,ley-de-disciplina-financiera,
243,Clasicación Administrativa - LDF,2025-12-31 0:00:00,contabilidad,anual,https://iieg.jalisco.gob.mx/acervo/portal/archivos/contabilidad/2025/clasificacion_administrativa_ldf_2025.pdf,clasicacion-administrativa-ldf-2,ley-de-disciplina-financiera,
244,Clasificación Funcional (Finalidad y Función) - LDF,2025-12-31 0:00:00,contabilidad,anual,https://iieg.jalisco.gob.mx/acervo/portal/archivos/contabilidad/2025/clasificacion_funcional_ldf_2025.pdf,clasificacion-funcional-finalidad-y-funcion-ldf-2,ley-de-disciplina-financiera,
245,Clasificación de Servicios Personales por Categoría - LDF,2025-12-31 0:00:00,contabilidad,anual,https://iieg.jalisco.gob.mx/acervo/portal/archivos/contabilidad/2025/clasificacion_de_servicios_personales_por_categoria_ldf_2025.pdf,clasificacion-de-servicios-personales-por-categoria-ldf-2,ley-de-disciplina-financiera,
246,Proyecciones de Ingresos-LDF,2025-12-31 0:00:00,contabilidad,anual,https://iieg.jalisco.gob.mx/acervo/portal/archivos/contabilidad/2025/proyeccion_de_ingresos_ldf_2025.pdf,proyecciones-de-ingresos-ldf,ley-de-disciplina-financiera,
247,Proyecciones de Engresos- LDF,2025-12-31 0:00:00,contabilidad,anual,https://iieg.jalisco.gob.mx/acervo/portal/archivos/contabilidad/2025/proyeccion_de_egresos_ldf_2025.pdf,proyecciones-de-engresos-ldf,ley-de-disciplina-financiera,
248,Resultados de Ingresos-LDF,2025-12-31 0:00:00,contabilidad,anual,https://iieg.jalisco.gob.mx/acervo/portal/archivos/contabilidad/2025/resultado_de_ingresos_ldf_2025.pdf,resultados-de-ingresos-ldf,ley-de-disciplina-financiera,
249,Resultados de Egresos-LDF,2025-12-31 0:00:00,contabilidad,anual,https://iieg.jalisco.gob.mx/acervo/portal/archivos/contabilidad/2025/resultados_de_egresos_ldf_2025.pdf,resultados-de-egresos-ldf,ley-de-disciplina-financiera,
250,Informe sobre Estudios Actuariales-LDF,2025-12-31 0:00:00,contabilidad,anual,https://iieg.jalisco.gob.mx/acervo/portal/archivos/contabilidad/2025/informe_sobre_estudios_actuariales_ldf_2025.pdf,informe-sobre-estudios-actuariales-ldf,ley-de-disciplina-financiera,
251,Guía de Cumplimiento de la Ley de Disciplina Financiera de las Entidades Federativas y los Municipios 2025,2025-12-31 0:00:00,contabilidad,anual,https://iieg.jalisco.gob.mx/acervo/portal/archivos/contabilidad/2025/guia_cumplimiento_ldf_2025.pdf,guia-de-cumplimiento-de-la-ley-de-disciplina-financiera-de-las-entidades-federativas-y-los-municipios-2025,ley-de-disciplina-financiera,