titulo,slug,fecha,tipo,periocidad,archivo,temas_slugs,subtemas_slugs
Estado de actividades,,2025-03-31,contabilidad,trimestral,https://iieg.jalisco.gob.mx/acervo/portal/archivos/contabilidad/2025/1a-estado_de_actividades_3132025.pdf,informacion-contable,
Estado de Situación Financiera,,2025-03-31,contabilidad,trimestral,https://iieg.jalisco.gob.mx/acervo/portal/archivos/contabilidad/2025/1b-estado_de_situacion_financiera_3132025.pdf,informacion-contable,
Estado de Variación en la Hacienda Pública ,,2025-03-31,contabilidad,trimestral,https://iieg.jalisco.gob.mx/acervo/portal/archivos/contabilidad/2025/1c-estado_de_variacion_en_la_hacienda_publica_3132025.pdf,informacion-contable,
Estado de Cambios en la Situación Financiera,,2025-03-31,contabilidad,trimestral,https://iieg.jalisco.gob.mx/acervo/portal/archivos/contabilidad/2025/1d-estado_de_cambios_en_la_situacion_financiera.pdf,informacion-contable,
Estado de Flujos de Efectivo,,2025-03-31,contabilidad,trimestral,https://iieg.jalisco.gob.mx/acervo/portal/archivos/contabilidad/2025/1e-estado_de_flujos_de_efectivo_3132025.pdf,informacion-contable,
Informe de Pasivos Contingentes,,2025-03-31,contabilidad,trimestral,https://iieg.jalisco.gob.mx/acervo/portal/archivos/contabilidad/2025/1f-informe_sobre_pasivos_contingentes_3132025.pdf,informacion-contable,
Notas a los Estados Financieros,,2025-03-31,contabilidad,trimestral,https://iieg.jalisco.gob.mx/acervo/portal/archivos/contabilidad/2025/1g.-notas_edos_financ_iieg_marzo-2025.pdf,informacion-contable,
Estado Analítico del Activo ,,2025-03-31,contabilidad,trimestral,https://iieg.jalisco.gob.mx/acervo/portal/archivos/contabilidad/2025/1h-estado_analitico_del_activo_3132025.pdf,informacion-contable,
Estado Analítico de la Deuda y Otros Pasivos,,2025-03-31,contabilidad,trimestral,https://iieg.jalisco.gob.mx/acervo/portal/archivos/contabilidad/2025/1i-estado_analitico_de_la_deuda_y_otros_pasivos.pdf,informacion-contable,
Estado Analítico de Ingresos ,,2025-03-31,contabilidad,trimestral,https://iieg.jalisco.gob.mx/acervo/portal/archivos/contabilidad/2025/2a-estado_analitico_de_ingresos_2019_3132025.pdf,informacion-presupuestal,
Estado Analítico del Ejercicio del Presupuesto  de Egresos Clasificación Administrativa,,2025-03-31,contabilidad,trimestral,https://iieg.jalisco.gob.mx/acervo/portal/archivos/contabilidad/2025/2b1-egresos_por_clasificacion_administrativa_3132025.pdf,informacion-presupuestal,
Estado Analítico del Ejercicio del Presupuesto  de Egresos Clasificación Económica,,2025-03-31,contabilidad,trimestral,https://iieg.jalisco.gob.mx/acervo/portal/archivos/contabilidad/2025/2b2-egresos_por_clasificacion_economica_por_tipo_de_gasto_3132025.pdf,informacion-presupuestal,
Estado Analítico del Ejercicio del Presupuesto  de Egresos Clasificación  por Objeto del Gasto ,,2025-03-31,contabilidad,trimestral,https://iieg.jalisco.gob.mx/acervo/portal/archivos/contabilidad/2025/2b3-egresos_por_clasificacion_por_objeto_del_gasto_3132025.pdf,informacion-presupuestal,
Estado Analítico del Ejercicio del Presupuesto  de Egresos Clasificación  Funcional ,,2025-03-31,contabilidad,trimestral,https://iieg.jalisco.gob.mx/acervo/portal/archivos/contabilidad/2025/2b4-egresos_por_clasificacion_funcional_3132025.pdf,informacion-presupuestal,
Endeudamiento Neto ,,2025-03-31,contabilidad,trimestral,https://iieg.jalisco.gob.mx/acervo/portal/archivos/contabilidad/2025/2c-endeudamiento_neto_3132025.pdf,informacion-presupuestal,
Intereses de la Deuda ,,2025-03-31,contabilidad,trimestral,https://iieg.jalisco.gob.mx/acervo/portal/archivos/contabilidad/2025/2d-intereses_de_la_deuda_3132025.pdf,informacion-presupuestal,
Indicadores de la Postura Fiscal ,,2025-03-31,contabilidad,trimestral,https://iieg.jalisco.gob.mx/acervo/portal/archivos/contabilidad/2025/2e-indicadores_de_postura_fiscal.pdf,informacion-presupuestal,
Gasto por categoría programática ,,2025-03-31,contabilidad,trimestral,https://iieg.jalisco.gob.mx/acervo/portal/archivos/contabilidad/2025/3a-gasto_por_categoria_programatica_3132025.pdf,informacion-programatica,
Programa y Proyectos de Inversión ,,2025-03-31,contabilidad,trimestral,https://iieg.jalisco.gob.mx/acervo/portal/archivos/contabilidad/2025/3b.-programas-y-proyectos-de-inversion.pdf,informacion-programatica,
Indicadores de Resultados ,,2025-03-31,contabilidad,trimestral,https://iieg.jalisco.gob.mx/acervo/portal/archivos/contabilidad/2025/3c.-indicadores-de-resultados.pdf,informacion-programatica,
Estado de Actividades,,2025-06-30,contabilidad,trimestral,https://iieg.jalisco.gob.mx/acervo/portal/archivos/contabilidad/2025/1a-estado_de_actividades_3062025.pdf,informacion-contable,
Estdo de Situación Finaciera ,,2025-06-30,contabilidad,trimestral,https://iieg.jalisco.gob.mx/acervo/portal/archivos/contabilidad/2025/1b-estado_de_situacion_financiera_3062025.pdf,informacion-contable,
Estado de Variacion en la Hacienda Pública ,,2025-06-30,contabilidad,trimestral,https://iieg.jalisco.gob.mx/acervo/portal/archivos/contabilidad/2025/1c-estado_de_variacion_en_la_hacienda_publica_3062025.pdf,informacion-contable,
Estado de Cambios en la Situación Financiera,,2025-06-30,contabilidad,trimestral,https://iieg.jalisco.gob.mx/acervo/portal/archivos/contabilidad/2025/1d-estado_de_cambios_en_la_situacion_financiera_3062025.pdf,informacion-contable,
Estado de Flujos de Efectivo ,,2025-06-30,contabilidad,trimestral,https://iieg.jalisco.gob.mx/acervo/portal/archivos/contabilidad/2025/1e-estado_de_flujos_de_efectivo_3062025.pdf,informacion-contable,
Informe de Pasivos Contingentes,,2025-06-30,contabilidad,trimestral,https://iieg.jalisco.gob.mx/acervo/portal/archivos/contabilidad/2025/1f-informe_sobre_pasivos_contingentes_3062025.pdf,informacion-contable,
Notas a los Estados Financieros,,2025-06-30,contabilidad,trimestral,https://iieg.jalisco.gob.mx/acervo/portal/archivos/contabilidad/2025/1g.-notas_edos_financ_iieg_junio-2025.pdf,informacion-contable,
Estado Analítico del Activo ,,2025-06-30,contabilidad,trimestral,https://iieg.jalisco.gob.mx/acervo/portal/archivos/contabilidad/2025/1h-estado_analitico_del_activo_3062025.pdf,informacion-contable,
Estado Analítico de la Deuda y Otros Pasivos,,2025-06-30,contabilidad,trimestral,https://iieg.jalisco.gob.mx/acervo/portal/archivos/contabilidad/2025/1i-estado_analitico_de_la_deuda_y_otros_pasivos_3062025.pdf,informacion-contable,
Estado Analítico de Ingresos ,,2025-06-30,contabilidad,trimestral,https://iieg.jalisco.gob.mx/acervo/portal/archivos/contabilidad/2025/2a-estado_analitico_de_ingresos_2019_3062025.pdf,informacion-presupuestal,
Estado Analítico del Ejercicio  del  Presupuesto de Egresos Clasificación Administrativa,,2025-06-30,contabilidad,trimestral,https://iieg.jalisco.gob.mx/acervo/portal/archivos/contabilidad/2025/2b1-egresos_por_clasificacion_administrativa_3062025.pdf,informacion-presupuestal,
Estado Analítico del Ejercicio del Presupuesto  de Egresos Clasificación Económica,,2025-06-30,contabilidad,trimestral,https://iieg.jalisco.gob.mx/acervo/portal/archivos/contabilidad/2025/2b2-egresos_por_clasificacion_economica_por_tipo_de_gasto_3062025.pdf,informacion-presupuestal,
Estado Analítico del Ejercicio del Presupuesto  de Egresos Clasificación  por Objeto del Gasto ,,2025-06-30,contabilidad,trimestral,https://iieg.jalisco.gob.mx/acervo/portal/archivos/contabilidad/2025/2b3-egresos_por_clasificacion_por_objeto_del_gasto_3062025.pdf,informacion-presupuestal,
Estado Analítico del Ejercicio del Presupuesto  de Egresos Clasificación  Funcional ,,2025-06-30,contabilidad,trimestral,https://iieg.jalisco.gob.mx/acervo/portal/archivos/contabilidad/2025/2b4-egresos_por_clasificacion_funcional_3062025.pdf,informacion-presupuestal,
Endeudamiento Neto ,,2025-06-30,contabilidad,trimestral,https://iieg.jalisco.gob.mx/acervo/portal/archivos/contabilidad/2025/2c-endeudamiento_neto_3062025.pdf,informacion-presupuestal,
Intereses de la Deuda ,,2025-06-30,contabilidad,trimestral,https://iieg.jalisco.gob.mx/acervo/portal/archivos/contabilidad/2025/intereses_de_la_deuda.pdf,informacion-presupuestal,
Indicadores de la Postura Fiscal ,,2025-06-30,contabilidad,trimestral,https://iieg.jalisco.gob.mx/acervo/portal/archivos/contabilidad/2025/2e-indicadores_de_postura_fiscal_3062025.pdf,informacion-presupuestal,
Gasto por categoría programática ,,2025-06-30,contabilidad,trimestral,https://iieg.jalisco.gob.mx/acervo/portal/archivos/contabilidad/2025/3a-gasto_por_categoria_programatica_3062025.pdf,informacion-programatica,
Programa y Proyectos de Inversión ,,2025-06-30,contabilidad,trimestral,https://iieg.jalisco.gob.mx/acervo/portal/archivos/contabilidad/2025/3b-programas-y-proyectos-de-inversion.pdf,informacion-programatica,
Indicadores de Resultados ,,2025-06-30,contabilidad,trimestral,https://iieg.jalisco.gob.mx/acervo/portal/archivos/contabilidad/2025/3c.-indicadores-de-resultados.pdf,informacion-programatica,
Estado de Actividades,,2025-09-30,contabilidad,trimestral,https://iieg.jalisco.gob.mx/acervo/portal/archivos/contabilidad/2025/1a_estado_de_actividades_30.09.2025.pdf,informacion-contable,
Estdo de Situación Finaciera ,,2025-09-30,contabilidad,trimestral,https://iieg.jalisco.gob.mx/acervo/portal/archivos/contabilidad/2025/1b_estado_de_situacion_financieros_30.09.2025.pdf,informacion-contable,
Estado de Variacion en la Hacienda Pública ,,2025-09-30,contabilidad,trimestral,https://iieg.jalisco.gob.mx/acervo/portal/archivos/contabilidad/2025/1c_estado_de_variacion_en_la_hacienda_publica_30.09.2025.pdf,informacion-contable,
Estado de Cambios en la Situación Financiera,,2025-09-30,contabilidad,trimestral,https://iieg.jalisco.gob.mx/acervo/portal/archivos/contabilidad/2025/1d_estado_de_cambios_en_la_situacion_financieros_30.09.2025.pdf,informacion-contable,
Estado de Flujos de Efectivo ,,2025-09-30,contabilidad,trimestral,https://iieg.jalisco.gob.mx/acervo/portal/archivos/contabilidad/2025/1e_estado_de_flujos_de_efectivo_30.09.2025.pdf,informacion-contable,
Informe de Pasivos Contingentes,,2025-09-30,contabilidad,trimestral,https://iieg.jalisco.gob.mx/acervo/portal/archivos/contabilidad/2025/1f_informe_de_pasivos_contigentes_30092025.pdf,informacion-contable,
Notas a los Estados Financieros,,2025-09-30,contabilidad,trimestral,https://iieg.jalisco.gob.mx/acervo/portal/archivos/contabilidad/2025/1g_notas_en_los_estados_financieros_30.09.2025.pdf,informacion-contable,
Estado Analítico del Activo ,,2025-09-30,contabilidad,trimestral,https://iieg.jalisco.gob.mx/acervo/portal/archivos/contabilidad/2025/1h_estado-_analitico_del_activo_30.09.2025.pdf,informacion-contable,
Estado Analítico de la Deuda y Otros Pasivos,,2025-09-30,contabilidad,trimestral,https://iieg.jalisco.gob.mx/acervo/portal/archivos/contabilidad/2025/1i_estado_analitico_de_la_deuda_y_otros_pasivos_30.09.2025.pdf,informacion-contable,
Estado Analítico de Ingresos ,,2025-09-30,contabilidad,trimestral,https://iieg.jalisco.gob.mx/acervo/portal/archivos/contabilidad/2025/2a_estado_analitico_de_ingresos_30.09.2025.pdf,informacion-presupuestal,
Estado Analítico del Ejercicio  del  Presupuesto de Egresos Clasificación Administrativa,,2025-09-30,contabilidad,trimestral,https://iieg.jalisco.gob.mx/acervo/portal/archivos/contabilidad/2025/2b1_estado_analitico_del_ejercicio_del_presupesto_de_egresos_clasificacion_admistrativa_30092025.pdf,informacion-presupuestal,
Estado Analítico del Ejercicio del Presupuesto  de Egresos Clasificación Económica,,2025-09-30,contabilidad,trimestral,https://iieg.jalisco.gob.mx/acervo/portal/archivos/contabilidad/2025/2b2_estado_analitico_del_ejercicio_del_presupesto_de_egresos_clasificacion_economica_30092025.pdf,informacion-presupuestal,
Estado Analítico del Ejercicio del Presupuesto  de Egresos Clasificación  por Objeto del Gasto ,,2025-09-30,contabilidad,trimestral,https://iieg.jalisco.gob.mx/acervo/portal/archivos/contabilidad/2025/2b3_estado_analitico_del_ejercicio_del_presupesto_de_egresos_clasificacion_admistrativ_por_objeto_de_gasto_30092025.pdf,informacion-presupuestal,
Estado Analítico del Ejercicio del Presupuesto  de Egresos Clasificación  Funcional ,,2025-09-30,contabilidad,trimestral,https://iieg.jalisco.gob.mx/acervo/portal/archivos/contabilidad/2025/2b4_estado_analitico_del_ejercicio_del_presupesto_de_egresos_clasificacion_funcional_30092025.pdf,informacion-presupuestal,
Endeudamiento Neto ,,2025-09-30,contabilidad,trimestral,https://iieg.jalisco.gob.mx/acervo/portal/archivos/contabilidad/2025/2c_endeudamiento_neto_30.09.2025.pdf,informacion-presupuestal,
Intereses de la Deuda ,,2025-09-30,contabilidad,trimestral,https://iieg.jalisco.gob.mx/acervo/portal/archivos/contabilidad/2025/intereses_de_la_deuda_30.09.2025.pdf,informacion-presupuestal,
Indicadores de la Postura Fiscal ,,2025-09-30,contabilidad,trimestral,https://iieg.jalisco.gob.mx/acervo/portal/archivos/contabilidad/2025/2e_indicadores_de_postura_fiscal_30.09.2025.pdf,informacion-presupuestal,
Gasto por categoría programática ,,2025-09-30,contabilidad,trimestral,https://iieg.jalisco.gob.mx/acervo/portal/archivos/contabilidad/2025/3a_gasto_por_categoria_programatica_30092025.pdf,informacion-programatica,
Programa y Proyectos de Inversión ,,2025-09-30,contabilidad,trimestral,https://iieg.jalisco.gob.mx/acervo/portal/archivos/contabilidad/2025/3b_programas_y_proyectos_de_inversion_30092025.pdf,informacion-programatica,
Indicadores de Resultados ,,2025-09-30,contabilidad,trimestral,https://iieg.jalisco.gob.mx/acervo/portal/archivos/contabilidad/2025/3c_indicadores_de_resultados_30092025.pdf,informacion-programatica,
Estado de Actividades,,2025-12-31,contabilidad,trimestral,https://iieg.jalisco.gob.mx/acervo/portal/archivos/contabilidad/2025/01_estado_de_actividades_octubre_diciembre_2025.pdf,informacion-contable,
Estdo de Situación Finaciera ,,2025-12-31,contabilidad,trimestral,https://iieg.jalisco.gob.mx/acervo/portal/archivos/contabilidad/2025/02_estado_de_situacion_financiera_octubre_diciembre_2025.pdf,informacion-contable,
Estado de Variacion en la Hacienda Pública ,,2025-12-31,contabilidad,trimestral,https://iieg.jalisco.gob.mx/acervo/portal/archivos/contabilidad/2025/03_estado_de_variacion_en_la_hacienda_publica_octubre_diciembre_2025.pdf,informacion-contable,
Estado de Cambios en la Situación Financiera,,2025-12-31,contabilidad,trimestral,https://iieg.jalisco.gob.mx/acervo/portal/archivos/contabilidad/2025/04_estado_de_cambios_en_la_situacion_financiera_octubre_diciembre_2025.pdf,informacion-contable,
Estado de Flujos de Efectivo ,,2025-12-31,contabilidad,trimestral,https://iieg.jalisco.gob.mx/acervo/portal/archivos/contabilidad/2025/05_estado_de_flujos_de_efectivo_octubre_diciembre_2025.pdf,informacion-contable,
Informe de Pasivos Contingentes,,2025-12-31,contabilidad,trimestral,https://iieg.jalisco.gob.mx/acervo/portal/archivos/contabilidad/2025/06_informe_de_pasivos_contingentes_octubre_diciembre_2025.pdf,informacion-contable,
Notas a los Estados Financieros,,2025-12-31,contabilidad,trimestral,https://iieg.jalisco.gob.mx/acervo/portal/archivos/contabilidad/2025/07_notas_de_los_estados_financieros_octubre_diciembre_2025.pdf,informacion-contable,
Estado Analítico del Activo ,,2025-12-31,contabilidad,trimestral,https://iieg.jalisco.gob.mx/acervo/portal/archivos/contabilidad/2025/08_estado_analitico_del_activo_octubre_diciembre_2025.pdf,informacion-contable,
Estado Analítico de la Deuda y Otros Pasivos,,2025-12-31,contabilidad,trimestral,https://iieg.jalisco.gob.mx/acervo/portal/archivos/contabilidad/2025/09_estado_analitico_de_la_deuda_y_otros_pasivos_octubre_diciembre_2025.pdf,informacion-contable,
Estado Analítico de Ingresos ,,2025-12-31,contabilidad,trimestral,https://iieg.jalisco.gob.mx/acervo/portal/archivos/contabilidad/2025/10_estado_analitico_del_ingreso_octubre_diciembre_2025.pdf,informacion-presupuestal,
Estado Analítico del Ejercicio  del  Presupuesto de Egresos Clasificación Administrativa,,2025-12-31,contabilidad,trimestral,https://iieg.jalisco.gob.mx/acervo/portal/archivos/contabilidad/2025/11_estado_analitico_del_ejercicio_del_presupuesto_de_egresos_clasificacion_administrativa_octubre_diciembre_2025.pdf,informacion-presupuestal,
Estado Analítico del Ejercicio del Presupuesto  de Egresos Clasificación Económica,,2025-12-31,contabilidad,trimestral,https://iieg.jalisco.gob.mx/acervo/portal/archivos/contabilidad/2025/12_estado_analitico_del_ejercicio_del_presupuesto_de_egresos_clasificacion_economica_octubre_diciembre_2025.pdf,informacion-presupuestal,
Estado Analítico del Ejercicio del Presupuesto  de Egresos Clasificación  por Objeto del Gasto ,,2025-12-31,contabilidad,trimestral,https://iieg.jalisco.gob.mx/acervo/portal/archivos/contabilidad/2025/13_estado_analitico_del_ejercicio_del_presupuesto_de_egresos_clasificacion_por_objeto_del_gasto_octubre_diciembre_2025.pdf,informacion-presupuestal,
Estado Analítico del Ejercicio del Presupuesto  de Egresos Clasificación  Funcional ,,2025-12-31,contabilidad,trimestral,https://iieg.jalisco.gob.mx/acervo/portal/archivos/contabilidad/2025/14_estado_analitico_del_ejercicio_del_presupuesto_de_egresos_clasificacion_funcional_octubre_diciembre_2025.pdf,informacion-presupuestal,
Endeudamiento Neto ,,2025-12-31,contabilidad,trimestral,https://iieg.jalisco.gob.mx/acervo/portal/archivos/contabilidad/2025/15_endeudamiento_neto_octubre_diciembre_2025.pdf,informacion-presupuestal,
Intereses de la Deuda ,,2025-12-31,contabilidad,trimestral,https://iieg.jalisco.gob.mx/acervo/portal/archivos/contabilidad/2025/16_intereses_de_la_deuda_2026.pdf,informacion-presupuestal,
Indicadores de la Postura Fiscal ,,2025-12-31,contabilidad,trimestral,https://iieg.jalisco.gob.mx/acervo/portal/archivos/contabilidad/2025/17_indicadores_de_postura_fiscal_2025.pdf,informacion-presupuestal,
Gasto por categoría programática ,,2025-12-31,contabilidad,trimestral,https://iieg.jalisco.gob.mx/acervo/portal/archivos/contabilidad/2025/18_gasto_por_categoria_programatica_octubre_diciembre_2025.pdf,informacion-programatica,
Programa y Proyectos de Inversión ,,2025-12-31,contabilidad,trimestral,https://iieg.jalisco.gob.mx/acervo/portal/archivos/contabilidad/2025/19_programas_y_proyectos_de_inversion_octubre_diciembre_2025.pdf,informacion-programatica,
Indicadores de Resultados ,,2025-12-31,contabilidad,trimestral,https://iieg.jalisco.gob.mx/acervo/portal/archivos/contabilidad/2025/20_indicadores_de_resultados_octubre_diciembre_2025.pdf,informacion-programatica,
Estado de Actividades,,2026-03-31,contabilidad,trimestral,https://iieg.jalisco.gob.mx/acervo/portal/archivos/contabilidad/2026/estado_de_actividades_enero_marzo_2026.pdf,informacion-contable,
Estdo de Situación Finaciera ,,2026-03-31,contabilidad,trimestral,https://iieg.jalisco.gob.mx/acervo/portal/archivos/contabilidad/2026/estado_de_situcion_financiera_enero_marzo_2026.pdf,informacion-contable,
Estado de Variacion en la Hacienda Pública ,,2026-03-31,contabilidad,trimestral,https://iieg.jalisco.gob.mx/acervo/portal/archivos/contabilidad/2026/estado_de_variacion_en_la_hacienda_publica_enero_marzo_2026.pdf,informacion-contable,
Estado de Cambios en la Situación Financiera,,2026-03-31,contabilidad,trimestral,https://iieg.jalisco.gob.mx/acervo/portal/archivos/contabilidad/2026/estado_de_cambios_en_la_situacion_financiera_enero_marzo_2026.pdf,informacion-contable,
Estado de Flujos de Efectivo ,,2026-03-31,contabilidad,trimestral,https://iieg.jalisco.gob.mx/acervo/portal/archivos/contabilidad/2026/estado_de_flujos_de_efectivo_enero_marzo_2026.pdf,informacion-contable,
Informe de Pasivos Contingentes,,2026-03-31,contabilidad,trimestral,https://iieg.jalisco.gob.mx/acervo/portal/archivos/contabilidad/2026/informe_sobre_pasivos_contingentes_enero_marzo_2026.pdf,informacion-contable,
Notas a los Estados Financieros,,2026-03-31,contabilidad,trimestral,https://iieg.jalisco.gob.mx/acervo/portal/archivos/contabilidad/2026/notas_a_los_estados_financieros_enero_marzo_2026.pdf,informacion-contable,
Estado Analítico del Activo ,,2026-03-31,contabilidad,trimestral,https://iieg.jalisco.gob.mx/acervo/portal/archivos/contabilidad/2026/estado_analitico_del_activo_enero_marzo_2026.pdf,informacion-contable,
Estado Analítico de la Deuda y Otros Pasivos,,2026-03-31,contabilidad,trimestral,https://iieg.jalisco.gob.mx/acervo/portal/archivos/contabilidad/2026/estado_analitico_de_la_deuda_y_otros_pasivos_enero_marzo_2026.pdf,informacion-contable,
Estado Analítico de Ingresos ,,2026-03-31,contabilidad,trimestral,https://iieg.jalisco.gob.mx/acervo/portal/archivos/contabilidad/2026/estado_analitico_de_ingresos_enero_marzo_2026.pdf,informacion-presupuestal,
Estado Analítico del Ejercicio  del  Presupuesto de Egresos Clasificación Administrativa,,2026-03-31,contabilidad,trimestral,https://iieg.jalisco.gob.mx/acervo/portal/archivos/contabilidad/2026/estado_analitico_del_ejercicio_del_presupuesto_de_egresos_clasificacion_administrativa_enero_marzo_2026.pdf,informacion-presupuestal,
Estado Analítico del Ejercicio del Presupuesto  de Egresos Clasificación Económica,,2026-03-31,contabilidad,trimestral,https://iieg.jalisco.gob.mx/acervo/portal/archivos/contabilidad/2026/estado_analitico_del_ejercicio_del_presupuesto_de_egresos_clasificacion_economica_enero_marzo_2026.pdf,informacion-presupuestal,
Estado Analítico del Ejercicio del Presupuesto  de Egresos Clasificación  por Objeto del Gasto ,,2026-03-31,contabilidad,trimestral,https://iieg.jalisco.gob.mx/acervo/portal/archivos/contabilidad/2026/estado_analitic_del_ejercicio_del_presupuesto_de_egresos_clasificacion_por_objeto_del_gasto_enero_marzo_2026.pdf,informacion-presupuestal,
Estado Analítico del Ejercicio del Presupuesto  de Egresos Clasificación  Funcional ,,2026-03-31,contabilidad,trimestral,https://iieg.jalisco.gob.mx/acervo/portal/archivos/contabilidad/2026/estado_analitico_del_ejercicio_del_presupuesto_de_egresos_clasificacion_funcional_enero_marzo_2026.pdf,informacion-presupuestal,
Endeudamiento Neto ,,2026-03-31,contabilidad,trimestral,https://iieg.jalisco.gob.mx/acervo/portal/archivos/contabilidad/2026/endeudamiento_neto_enero_marzo_2026.pdf,informacion-presupuestal,
Intereses de la Deuda ,,2026-03-31,contabilidad,trimestral,https://iieg.jalisco.gob.mx/acervo/portal/archivos/contabilidad/2026/intereses_de_la_deuda_enero_marzo_2026.pdf,informacion-presupuestal,
Indicadores de la Postura Fiscal ,,2026-03-31,contabilidad,trimestral,https://iieg.jalisco.gob.mx/acervo/portal/archivos/contabilidad/2026/indicadores_de_postura_fiscal_enero_marzo_2026.pdf,informacion-presupuestal,
Flujo de Fondos ,,2026-03-31,contabilidad,trimestral,https://iieg.jalisco.gob.mx/acervo/portal/archivos/contabilidad/2026/flujo_de_fondos_enero_marzo_2026.pdf,informacion-presupuestal,
Gasto por categoría programática ,,2026-03-31,contabilidad,trimestral,https://iieg.jalisco.gob.mx/acervo/portal/archivos/contabilidad/2026/gasto_por_categoria_programatica_enero_marzo_2026.pdf,informacion-programatica,
Programa y Proyectos de Inversión ,,2026-03-31,contabilidad,trimestral,https://iieg.jalisco.gob.mx/acervo/portal/archivos/contabilidad/2026/programas_y_proyectos_de_inversion_enero_marzo_2026.pdf,informacion-programatica,
Indicadores de Resultados ,,2026-03-31,contabilidad,trimestral,https://iieg.jalisco.gob.mx/acervo/portal/archivos/contabilidad/2026/indicadores_de_resultados_enero_marzo_2026.pdf,informacion-programatica,
Estado de Actividades,,2026-06-30,contabilidad,trimestral,https://iieg.jalisco.gob.mx/acervo/portal/archivos/contabilidad/2026/01_estado_de_actividades_iieg_abril_junio_2026.pdf,informacion-contable,
Estdo de Situación Finaciera ,,2026-06-30,contabilidad,trimestral,https://iieg.jalisco.gob.mx/acervo/portal/archivos/contabilidad/2026/02_estado_de_situacion_financiera_iieg_abril_junio_2026.pdf,informacion-contable,
Estado de Variacion en la Hacienda Pública ,,2026-06-30,contabilidad,trimestral,https://iieg.jalisco.gob.mx/acervo/portal/archivos/contabilidad/2026/03_estado_de_variacion_en_la_hacienda_publica_iieg_abril_junio_2026.pdf,informacion-contable,
Estado de Cambios en la Situación Financiera,,2026-06-30,contabilidad,trimestral,https://iieg.jalisco.gob.mx/acervo/portal/archivos/contabilidad/2026/04_estado_de_cambios_en_la_situacion_financiera_iieg_abril_junio_2026.pdf,informacion-contable,
Estado de Flujos de Efectivo ,,2026-06-30,contabilidad,trimestral,https://iieg.jalisco.gob.mx/acervo/portal/archivos/contabilidad/2026/05_estado_de_flujos_de_efectivo_iieg_abril_junio_2026.pdf,informacion-contable,
Informe de Pasivos Contingentes,,2026-06-30,contabilidad,trimestral,https://iieg.jalisco.gob.mx/acervo/portal/archivos/contabilidad/2026/06_informe_sobre_pasivos_contingentes_iieg_abril_junio_2026.pdf,informacion-contable,
Notas a los Estados Financieros,,2026-06-30,contabilidad,trimestral,https://iieg.jalisco.gob.mx/acervo/portal/archivos/contabilidad/2026/07_notas_finacieras_iieg_abril_junio_2026.pdf,informacion-contable,
Estado Analítico del Activo ,,2026-06-30,contabilidad,trimestral,https://iieg.jalisco.gob.mx/acervo/portal/archivos/contabilidad/2026/08_estado_analitico_del_activo_iieg_abril_junio_2026.pdf,informacion-contable,
Estado Analítico de la Deuda y Otros Pasivos,,2026-06-30,contabilidad,trimestral,https://iieg.jalisco.gob.mx/acervo/portal/archivos/contabilidad/2026/09_estado_analitico_de_la_deuda_y_otros_pasivos_iieg_abril_junio_2026.pdf,informacion-contable,
Estado Analítico de Ingresos ,,2026-06-30,contabilidad,trimestral,https://iieg.jalisco.gob.mx/acervo/portal/archivos/contabilidad/2026/10_estado_analitico_de_ingresos_iieg_abril_junio_2026.pdf,informacion-presupuestal,
Estado Analítico del Ejercicio  del  Presupuesto de Egresos Clasificación Administrativa,,2026-06-30,contabilidad,trimestral,https://iieg.jalisco.gob.mx/acervo/portal/archivos/contabilidad/2026/11_estado_analitico_del_ejercicio_del_presupuesto_de_egresos_por_clasificacion_administrativa_abril_junio_2026.pdf,informacion-presupuestal,
Estado Analítico del Ejercicio del Presupuesto  de Egresos Clasificación Económica,,2026-06-30,contabilidad,trimestral,https://iieg.jalisco.gob.mx/acervo/portal/archivos/contabilidad/2026/12_estado_analitico_del_ejercicio_del_presupuesto_de_egresos_por_clasificacion_economica_por_tipo_de_gasto_abril_junio_2026.pdf,informacion-presupuestal,
Estado Analítico del Ejercicio del Presupuesto  de Egresos Clasificación  por Objeto del Gasto ,,2026-06-30,contabilidad,trimestral,https://iieg.jalisco.gob.mx/acervo/portal/archivos/contabilidad/2026/13_estado_analitico_del_ejercicio_del_presupuesto_de_egresos_por_clasificacion_por_objeto_del_gasto_abril_junio_2026.pdf,informacion-presupuestal,
Estado Analítico del Ejercicio del Presupuesto  de Egresos Clasificación  Funcional ,,2026-06-30,contabilidad,trimestral,https://iieg.jalisco.gob.mx/acervo/portal/archivos/contabilidad/2026/14_estado_analitico_del_ejercicio_del_presupuesto_de_egresos_por_clasificacion_funcional_abril_junio_2026.pdf,informacion-presupuestal,
Endeudamiento Neto ,,2026-06-30,contabilidad,trimestral,https://iieg.jalisco.gob.mx/acervo/portal/archivos/contabilidad/2026/15_endeudamiento_neto_iieg_abril_junio_2026.pdf,informacion-presupuestal,
Intereses de la Deuda ,,2026-06-30,contabilidad,trimestral,https://iieg.jalisco.gob.mx/acervo/portal/archivos/contabilidad/2026/16_intereses_de_la_deuda_iieg_abril_junio_2026.pdf,informacion-presupuestal,
Indicadores de la Postura Fiscal ,,2026-06-30,contabilidad,trimestral,https://iieg.jalisco.gob.mx/acervo/portal/archivos/contabilidad/2026/17_indicadores_de_postura_fiscal_abril_junio_2026.pdf,informacion-presupuestal,
Flujo de Fondos ,,2026-06-30,contabilidad,trimestral,https://iieg.jalisco.gob.mx/acervo/portal/archivos/contabilidad/2026/18_flujo_de_fondos_iieg_abril_junio_2026.pdf,informacion-presupuestal,
Gasto por categoría programática ,,2026-06-30,contabilidad,trimestral,https://iieg.jalisco.gob.mx/acervo/portal/archivos/contabilidad/2026/20_gasto_por_categoria_programatica_iieg_abril_junio_2026.pdf,informacion-programatica,
Programa y Proyectos de Inversión ,,2026-06-30,contabilidad,trimestral,https://iieg.jalisco.gob.mx/acervo/portal/archivos/contabilidad/2026/21_programas_y_proyectos_de_inversion_iieg_abril_junio_2026.pdf,informacion-programatica,
Indicadores de Resultados ,,2026-06-30,contabilidad,trimestral,https://iieg.jalisco.gob.mx/acervo/portal/archivos/contabilidad/2026/22_indicadores_de_resutados_iieg_abril_junio_2026.pdf,anexos,
Acta de la segunda sesión del Grupo Interdiciplinario de Archivos,,2025-01-01,institucional,anual,https://iieg.jalisco.gob.mx/acervo/portal/archivos/institucional/2025/acta-de-la-segunda-sesion-de-grupo-interdisciplinario-de-archivos.pdf,grupo-interdisciplinario-de-archivos,actas
Acta Primera sesión Ordinaria GIA 2025,,2025-01-01,institucional,anual,https://iieg.jalisco.gob.mx/acervo/portal/archivos/institucional/2025/acta-primera-sesion-ordinario-gia-2025.pdf,grupo-interdisciplinario-de-archivos,actas
Convocatoria Primera sesión ordinaria GIA 2025,,2025-01-01,institucional,anual,https://iieg.jalisco.gob.mx/acervo/portal/archivos/institucional/2025/convocatorias-primersa-sesion-ordinario-gia-2025.pdf,grupo-interdisciplinario-de-archivos,convocatorias
Convocatoria Segunda sesión Ordinaria Grupo Interdiciplinario de archivo,,2025-01-01,institucional,anual,https://iieg.jalisco.gob.mx/acervo/portal/archivos/institucional/2025/convocatoria-segunda-sesion-ordinarioa-grupo-interdisciplinario-de-archivo.pdf,grupo-interdisciplinario-de-archivos,convocatorias
Acta Primera sesión Extraordinaria GIA 2026,,2025-01-01,institucional,anual,https://iieg.jalisco.gob.mx/acervo/portal/archivos/institucional/2026/acta-primera-sesion-extraordinaria-gia-2026.pdf,grupo-interdisciplinario-de-archivos,actas
Acta Primera sesión Ordinaria GIA 2026,,2025-01-01,institucional,anual,https://iieg.jalisco.gob.mx/acervo/portal/archivos/institucional/2026/acta-primera-sesion-ordinaria-gia-2026.pdf,grupo-interdisciplinario-de-archivos,actas
Acta de la segunda sesión extraodinaria del GIA 2026,,2025-01-01,institucional,anual,https://iieg.jalisco.gob.mx/acervo/portal/archivos/institucional/2026/acta-de-la-segunda-sesion-extraordinaria-de-gia-2026.pdf,grupo-interdisciplinario-de-archivos,actas
Convocatoria Primera sesión ordinaria GIA 2026,,2025-01-01,institucional,anual,https://iieg.jalisco.gob.mx/acervo/portal/archivos/institucional/2026/convocatoria-primera-sesion-ordinaria-gia-2026.pdf,grupo-interdisciplinario-de-archivos,convocatorias
Convocatoria Segunda sesión extraordinaria GIA,,2025-01-01,institucional,anual,https://iieg.jalisco.gob.mx/acervo/portal/archivos/institucional/2026/convocatoria-segunda-sesion-extraordinaria-gia.pdf,grupo-interdisciplinario-de-archivos,convocatorias
Primera sesión extraordinaria GIA 2026,,2025-01-01,institucional,anual,https://iieg.jalisco.gob.mx/acervo/portal/archivos/institucional/2026/primera-sesion-extraordinaria-gia-2026.pdf,grupo-interdisciplinario-de-archivos,convocatorias
Reglas de Operación Grupo interdisciplinario de archivos IIEG 2026,,2025-01-01,institucional,anual,https://iieg.jalisco.gob.mx/acervo/portal/archivos/institucional/2026/reglas-de-operacion-grupo-interdisciplinario-de-archivos-iieg-2026.pdf,grupo-interdisciplinario-de-archivos,actas
Catálogo de Disposición Documental ,,2025-01-01,institucional,anual,https://iieg.jalisco.gob.mx/acervo/portal/archivos/institucional/2026/catalogo-de-disposicion-documental-2026.pdf,instrumentos-de-control-y-consulta-archivistica,catalogo-de-disposicion-documental
Cuadro General de Clasificación Archivística 2026,,2025-01-01,institucional,anual,https://iieg.jalisco.gob.mx/acervo/portal/archivos/institucional/2026/cuadro-general-de-clasificacion-archivistica-2026.pdf,instrumentos-de-control-y-consulta-archivistica,cuadro-general-de-clasificacion-de-archivistica
Inventario de Archivo de trámite 2025,,2025-01-01,institucional,anual,https://iieg.jalisco.gob.mx/acervo/portal/archivos/institucional/2025/inventario-de-archivo-de-tramite-2025.xlsx,instrumentos-de-control-y-consulta-archivistica,inventario-general-de-archivo-de-tramite
1C Legislación,,2025-01-01,institucional,anual,https://iieg.jalisco.gob.mx/acervo/portal/archivos/institucional/2026/1c-legislacion.pdf,instrumentos-de-control-y-consulta-archivistica,ficha-tecnica-de-valoracion-documental
1S Gobiernoy Adminstración,,2025-01-01,institucional,anual,https://iieg.jalisco.gob.mx/acervo/portal/archivos/institucional/2026/1s-gobierno-y-administracion-pdf,instrumentos-de-control-y-consulta-archivistica,ficha-tecnica-de-valoracion-documental
2C Asuntos,,2025-01-01,institucional,anual,https://iieg.jalisco.gob.mx/acervo/portal/archivos/institucional/2026/2c-asuntos-juridicos.pdf,instrumentos-de-control-y-consulta-archivistica,ficha-tecnica-de-valoracion-documental
2S Dirección General ,,2025-01-01,institucional,anual,https://iieg.jalisco.gob.mx/acervo/portal/archivos/institucional/2026/2s-direccion-general.pdf,instrumentos-de-control-y-consulta-archivistica,ficha-tecnica-de-valoracion-documental
3C Transparencia ,,2025-01-01,institucional,anual,https://iieg.jalisco.gob.mx/acervo/portal/archivos/institucional/2026/3c-transparencia.pdf,instrumentos-de-control-y-consulta-archivistica,ficha-tecnica-de-valoracion-documental
3S Dirección del sistema de información,,2025-01-01,institucional,anual,https://iieg.jalisco.gob.mx/acervo/portal/archivos/institucional/2026/3s-direccion-del-sistema-de-informacion.pdf,instrumentos-de-control-y-consulta-archivistica,ficha-tecnica-de-valoracion-documental
4C Comité de ética,,2025-01-01,institucional,anual,https://iieg.jalisco.gob.mx/acervo/portal/archivos/institucional/2026/4c-comite-de-etica.pdf,instrumentos-de-control-y-consulta-archivistica,ficha-tecnica-de-valoracion-documental
4S Estadística y Análisis Estratégico ,,2025-01-01,institucional,anual,https://iieg.jalisco.gob.mx/acervo/portal/archivos/institucional/2026/4s-estadistica-y-analisis-estrategico.pdf,instrumentos-de-control-y-consulta-archivistica,ficha-tecnica-de-valoracion-documental
5C Asuntos Administrativos ,,2025-01-01,institucional,anual,https://iieg.jalisco.gob.mx/acervo/portal/archivos/institucional/2026/5c-asuntos-administrativos.pdf,instrumentos-de-control-y-consulta-archivistica,ficha-tecnica-de-valoracion-documental
5S Información Geoespacial,,2025-01-01,institucional,anual,https://iieg.jalisco.gob.mx/acervo/portal/archivos/institucional/2026/5s-informacion-geoespacial.pdf,instrumentos-de-control-y-consulta-archivistica,ficha-tecnica-de-valoracion-documental
6C Comité de Adquisiciones,,2025-01-01,institucional,anual,https://iieg.jalisco.gob.mx/acervo/portal/archivos/institucional/2026/6c-comite-de-adquisiciones.pdf,instrumentos-de-control-y-consulta-archivistica,ficha-tecnica-de-valoracion-documental
6S Órgano Interno de Control,,2025-01-01,institucional,anual,https://iieg.jalisco.gob.mx/acervo/portal/archivos/institucional/2026/6s-organo-interno-de-control.pdf,instrumentos-de-control-y-consulta-archivistica,ficha-tecnica-de-valoracion-documental
7C Comité de control Interno y Desempeño Institucional ,,2025-01-01,institucional,anual,https://iieg.jalisco.gob.mx/acervo/portal/archivos/institucional/2026/7c-comite-de-control-interno-y-desempeño-institucional.pdf,instrumentos-de-control-y-consulta-archivistica,ficha-tecnica-de-valoracion-documental
8C Recursos Humanos y Capacitación ,,2025-01-01,institucional,anual,https://iieg.jalisco.gob.mx/acervo/portal/archivos/institucional/2026/8c-recursos-humanos-y-capacitacion.pdf,instrumentos-de-control-y-consulta-archivistica,ficha-tecnica-de-valoracion-documental
9C Recursos Financieros y Control Presupuestal,,2025-01-01,institucional,anual,https://iieg.jalisco.gob.mx/acervo/portal/archivos/institucional/2026/9c-recursos-financieros-y-control-presupuestal.pdf,instrumentos-de-control-y-consulta-archivistica,ficha-tecnica-de-valoracion-documental
10C Recursos Materiales ,,2025-01-01,institucional,anual,https://iieg.jalisco.gob.mx/acervo/portal/archivos/institucional/2026/10c-recursos-materiales.pdf,instrumentos-de-control-y-consulta-archivistica,ficha-tecnica-de-valoracion-documental
11C Soporte Técnico ,,2025-01-01,institucional,anual,https://iieg.jalisco.gob.mx/acervo/portal/archivos/institucional/2026/11c-soporte-tecnico.pdf,instrumentos-de-control-y-consulta-archivistica,ficha-tecnica-de-valoracion-documental
14C Coordinación de Archivos ,,2025-01-01,institucional,anual,https://iieg.jalisco.gob.mx/acervo/portal/archivos/institucional/2026/14c-coordinacion-de-archivos.pdf,instrumentos-de-control-y-consulta-archivistica,ficha-tecnica-de-valoracion-documental
14C Integración Operativa y Planeación ,,2025-01-01,institucional,anual,https://iieg.jalisco.gob.mx/acervo/portal/archivos/institucional/2026/14c-integracion-operativa-y-planeacion.pdf,instrumentos-de-control-y-consulta-archivistica,ficha-tecnica-de-valoracion-documental
Criterios para la organización y conservación de los documentos en archivos de trámite y de concentración,,2025-01-01,institucional,anual,https://iieg.jalisco.gob.mx/acervo/portal/archivos/institucional/2026/criterios-para-la-organizacion-y-conservacion-de-los-documentos-en-archivos-de-tramite-y-de-concentracion.pdf,planeacion-y-normatividad-archivistica-institucional,
Informe del cumplimiento del plan anual de Desarrollo Archivístico 2025,,2025-01-01,institucional,anual,https://iieg.jalisco.gob.mx/acervo/portal/archivos/institucional/2025/informe-de-cumplimiento-de-plan-anual-de-desarrollo-archivistico-2025.pdf,planeacion-y-normatividad-archivistica-institucional,
Plan anual de Desarrollo Archivístico 2025,,2025-01-01,institucional,anual,https://iieg.jalisco.gob.mx/acervo/portal/archivos/institucional/2025/plan-anual-de-desarrollo-archivistico-2025.pdf,planeacion-y-normatividad-archivistica-institucional,
Plan Anual de Desarrollo Archivístico 2026,,2025-01-01,institucional,anual,https://iieg.jalisco.gob.mx/acervo/portal/archivos/institucional/2026/plan-anual-de-desarrollo-archivistico-2026.pdf,instrumentos-de-control-y-consulta-archivistica,