titulo,archivo,municipio,anyo,slug
Acatic,https://iieg.jalisco.gob.mx/acervo/portal/cuadernillos/2025/cuadernillos_municipales_acatic2025.pdf,acatic,2025,
Acatlán de Juárez,https://iieg.jalisco.gob.mx/acervo/portal/cuadernillos/2025/cuadernillos_municipales_acatlan_de_juarez2025.pdf,acatlan_de_juarez,2025,
Ahualulco de Mercado,https://iieg.jalisco.gob.mx/acervo/portal/cuadernillos/2025/cuadernillos_municipales_ahualulco_de_mercado2025.pdf,ahualulco_de_mercado,2025,
Amacueca,https://iieg.jalisco.gob.mx/acervo/portal/cuadernillos/2025/cuadernillos_municipales_amacueca2025.pdf,amacueca,2025,
Amatitán,https://iieg.jalisco.gob.mx/acervo/portal/cuadernillos/2025/cuadernillos_municipales_amatitlan2025.pdf,amatitan,2025,
Ameca,https://iieg.jalisco.gob.mx/acervo/portal/cuadernillos/2025/cuadernillos_municipales_ameca2025.pdf,ameca,2025,
Arandas,https://iieg.jalisco.gob.mx/acervo/portal/cuadernillos/2025/cuadernillos_municipales_arandas2025.pdf,arandas,2025,
Atemajac de Brizuela,https://iieg.jalisco.gob.mx/acervo/portal/cuadernillos/2025/cuadernillos_municipales_atemajac_de_brizuela2025.pdf,atemajac_de_brizuela,2025,
Atengo,https://iieg.jalisco.gob.mx/acervo/portal/cuadernillos/2025/cuadernillos_municipales_atengo2025.pdf,atengo,2025,
Atenguillo,https://iieg.jalisco.gob.mx/acervo/portal/cuadernillos/2025/cuadernillos_municipales_atenguillo2025.pdf,atenguillo,2025,
Atotonilco el Alto,https://iieg.jalisco.gob.mx/acervo/portal/cuadernillos/2025/cuadernillos_municipales_atotonilco2025.pdf,atotonilco_el_alto,2025,
Atoyac,https://iieg.jalisco.gob.mx/acervo/portal/cuadernillos/2025/cuadernillos_municipales_atoyac2025.pdf,atoyac,2025,
Autlán de Navarro,https://iieg.jalisco.gob.mx/acervo/portal/cuadernillos/2025/cuadernillos_municipales_autlan_de_navarro2025.pdf,autlan_de_navarro,2025,
Ayotlán,https://iieg.jalisco.gob.mx/acervo/portal/cuadernillos/2025/cuadernillos_municipales_ayotlan2025.pdf,ayotlan,2025,
Ayutla,https://iieg.jalisco.gob.mx/acervo/portal/cuadernillos/2025/cuadernillos_municipales_ayutla2025.pdf,ayutla,2025,
Bolaños,https://iieg.jalisco.gob.mx/acervo/portal/cuadernillos/2025/cuadernillos_municipales_bolanos2025.pdf,bolanos,2025,
Cabo Corrientes,https://iieg.jalisco.gob.mx/acervo/portal/cuadernillos/2025/cuadernillos_municipales_cabo_corrientes2025.pdf,cabo_corrientes,2025,
Cañadas de Obregón,https://iieg.jalisco.gob.mx/acervo/portal/cuadernillos/2025/cuadernillos_municipales_canadas_de_obrego_2025.pdf,canadas_de_obregon,2025,
Casimiro Castillo,https://iieg.jalisco.gob.mx/acervo/portal/cuadernillos/2025/cuadernillos_municipales_casimiro_castillo2025.pdf,casimiro_castillo,2025,
Chapala,https://iieg.jalisco.gob.mx/acervo/portal/cuadernillos/2025/cuadernillos_municipales_chapala2025.pdf,chapala,2025,
Chimaltitán,https://iieg.jalisco.gob.mx/acervo/portal/cuadernillos/2025/cuadernillos_municipales_chimaltitlan_2025.pdf,chimaltitan,2025,
Chiquilistlán,https://iieg.jalisco.gob.mx/acervo/portal/cuadernillos/2025/cuadernillos_municipales_chiquilistlan_2025.pdf,chiquilistlan,2025,
Cihuatlán,https://iieg.jalisco.gob.mx/acervo/portal/cuadernillos/2025/cuadernillos_municipales_cihuatlan2025.pdf,cihuatlan,2025,
Cocula,https://iieg.jalisco.gob.mx/acervo/portal/cuadernillos/2025/cuadernillos_municipales_cocula_2025.pdf,cocula,2025,
Colotlán,https://iieg.jalisco.gob.mx/acervo/portal/cuadernillos/2025/cuadernillos_municipales_colotlan2025.pdf,colotlan,2025,
Concepción de Buenos Aires,https://iieg.jalisco.gob.mx/acervo/portal/cuadernillos/2025/cuadernillos_municipales_concepcion_de_buenos_aires2025.pdf,concepcion_de_buenos_aires,2025,
Cuautitlán de García Barragán,https://iieg.jalisco.gob.mx/acervo/portal/cuadernillos/2025/cuadernillos_municipales_cuautitlan_de_garcia_barragan2025.pdf,cuautitlan_de_garcia_barragan,2025,
Cuautla,https://iieg.jalisco.gob.mx/acervo/portal/cuadernillos/2025/cuadernillos_municipales_ cuautla_2025.pdf,cuautla,2025,
Cuquío,https://iieg.jalisco.gob.mx/acervo/portal/cuadernillos/2025/cuadernillos_municipales_ cuquio2025.pdf,cuquio,2025,
Degollado,https://iieg.jalisco.gob.mx/acervo/portal/cuadernillos/2025/cuadernillos_municipales_ degollado_2025.pdf,degollado,2025,
Ejutla,https://iieg.jalisco.gob.mx/acervo/portal/cuadernillos/2025/cuadernillos_municipales_ejutla_2025.pdf,ejutla,2025,
El Arenal,https://iieg.jalisco.gob.mx/acervo/portal/cuadernillos/2025/cuadernillos_municipales_el_arenal2025.pdf,el_arenal,2025,
El Grullo,https://iieg.jalisco.gob.mx/acervo/portal/cuadernillos/2025/cuadernillos_municipales_el_grullo_2025.pdf,el_grullo,2025,
El Limón,https://iieg.jalisco.gob.mx/acervo/portal/cuadernillos/2025/cuadernillos_municipales_el_limon_2025.pdf,el_limon,2025,
El Salto,https://iieg.jalisco.gob.mx/acervo/portal/cuadernillos/2025/cuadernillos_municipales_el_salto_2025.pdf,el_salto,2025,
Encarnación de Díaz,https://iieg.jalisco.gob.mx/acervo/portal/cuadernillos/2025/cuadernillos_municipales_encarnacion_de_diaz_2025.pdf,encarnacion_de_diaz,2025,
Etzatlán,https://iieg.jalisco.gob.mx/acervo/portal/cuadernillos/2025/cuadernillos_municipales_etzatlan2025.pdf,etzatlan,2025,
Gómez Farías,https://iieg.jalisco.gob.mx/acervo/portal/cuadernillos/2025/cuadernillos_municipales_gomez_farias_2025.pdf,gomez_farias,2025,
Guachinango,https://iieg.jalisco.gob.mx/acervo/portal/cuadernillos/2025/cuadernillos_municipales_guachinango2025.pdf,guachinango,2025,
Guadalajara,https://iieg.jalisco.gob.mx/acervo/portal/cuadernillos/2025/cuadernillos_municipales_guadalajara_2025.pdf,guadalajara,2025,
Hostotipaquillo,https://iieg.jalisco.gob.mx/acervo/portal/cuadernillos/2025/cuadernillos_municipales_hostotipaquillo_2025.pdf,hostotipaquillo,2025,
Huejúcar,https://iieg.jalisco.gob.mx/acervo/portal/cuadernillos/2025/cuadernillos_municipales_huejucar_2025.pdf,huejucar,2025,
Huejuquilla el Alto,https://iieg.jalisco.gob.mx/acervo/portal/cuadernillos/2025/cuadernillos_municipales_huejuquilla_el_alto_2025.pdf,huejuquilla_el_alto,2025,
Ixtlahucán de los Membrillos,https://iieg.jalisco.gob.mx/acervo/portal/cuadernillos/2025/cuadernillos_municipales_ixtlahuacan_de_los_membrillos2025.pdf,ixtlahuacan_de_los_membrillos,2025,
Ixtlahuacán del Rio,https://iieg.jalisco.gob.mx/acervo/portal/cuadernillos/2025/cuadernillos_municipales_ixtlahuacan_del_rio2025.pdf,ixtlahuacan_del_rio,2025,
Jalostotitlán,https://iieg.jalisco.gob.mx/acervo/portal/cuadernillos/2025/cuadernillos_municipales_jalostotitlan_2025.pdf,jalostotitlan,2025,
Jamay,https://iieg.jalisco.gob.mx/acervo/portal/cuadernillos/2025/cuadernillos_municipales_jamay2025.pdf,jamay,2025,
Jesús María,https://iieg.jalisco.gob.mx/acervo/portal/cuadernillos/2025/cuadernillos_municipales_jesus_maria_2025.pdf,jesus_maria,2025,
Jilotlán de los Dolores,https://iieg.jalisco.gob.mx/acervo/portal/cuadernillos/2025/cuadernillos_municipales_jilotlan_de_los_dolores_2025.pdf,jilotlan_de_los_dolores,2025,
Jocotepec,https://iieg.jalisco.gob.mx/acervo/portal/cuadernillos/2025/cuadernillos_municipales_jocotepec_2025.pdf,jocotepec,2025,
Juanacatlán,https://iieg.jalisco.gob.mx/acervo/portal/cuadernillos/2025/cuadernillos_municipales_juanacatlan_2025.pdf,juanacatlan,2025,
Juchitlán,https://iieg.jalisco.gob.mx/acervo/portal/cuadernillos/2025/cuadernillos_municipales_juchitlan_2025.pdf,juchitlan,2025,
La Barca,https://iieg.jalisco.gob.mx/acervo/portal/cuadernillos/2025/cuadernillos_municipales_la_barca_2025.pdf,la_barca,2025,
La Manzanilla de la Paz,https://iieg.jalisco.gob.mx/acervo/portal/cuadernillos/2025/cuadernillos_municipales_la_mazanilla_de_la_paz_2025.pdf,la_manzanilla_de_la_paz,2025,
La Huerta,https://iieg.jalisco.gob.mx/acervo/portal/cuadernillos/2025/cuadernillos_municipales_la_huerta_2025.pdf,la_huerta,2025,
Lagos de Moreno,https://iieg.jalisco.gob.mx/acervo/portal/cuadernillos/2025/cuadernillos_municipales_lagos_de_moreno_2025.pdf,lagos_de_moreno,2025,
Magdalena,https://iieg.jalisco.gob.mx/acervo/portal/cuadernillos/2025/cuadernillos_municipales_magdalena_2025.pdf,magdalena,2025,
Mascota,https://iieg.jalisco.gob.mx/acervo/portal/cuadernillos/2025/cuadernillos_municipales_mascota_2025.pdf,mascota,2025,
Mazamitla,https://iieg.jalisco.gob.mx/acervo/portal/cuadernillos/2025/cuadernillos_municipales_mazamitla2025.pdf,mazamitla,2025,
Mexticacán,https://iieg.jalisco.gob.mx/acervo/portal/cuadernillos/2025/cuadernillos_municipales_mexticacan_2025.pdf,mexticacan,2025,
Mezquitic,https://iieg.jalisco.gob.mx/acervo/portal/cuadernillos/2025/cuadernillos_municipales_mezquitic2025.pdf,mezquitic,2025,
Mixtlán,https://iieg.jalisco.gob.mx/acervo/portal/cuadernillos/2025/cuadernillos_municipales_mixtlan_2025.pdf,mixtlan,2025,
Ocotlán,https://iieg.jalisco.gob.mx/acervo/portal/cuadernillos/2025/cuadernillos_municipales_ocotlan_2025.pdf,ocotlan,2025,
Ojuelos de Jalisco,https://iieg.jalisco.gob.mx/acervo/portal/cuadernillos/2025/cuadernillos_municipales_ojuelos_de_jalisco_2025.pdf,ojuelos_de_jalisco,2025,
Pihuamo,https://iieg.jalisco.gob.mx/acervo/portal/cuadernillos/2025/cuadernillos_municipales_pihuamo_2025.pdf,pihuamo,2025,
Poncitlán,https://iieg.jalisco.gob.mx/acervo/portal/cuadernillos/2025/cuadernillos_municipales_poncitlan_2025.pdf,poncitlan,2025,
Puerto Vallarta,https://iieg.jalisco.gob.mx/acervo/portal/cuadernillos/2025/cuadernillos_municipales_puerto_vallarta_2025.pdf,puerto_vallarta,2025,
Quitupan,https://iieg.jalisco.gob.mx/acervo/portal/cuadernillos/2025/cuadernillos_municipales_quitupan_2025.pdf,quitupan,2025,
San Cristóbal de La Barranca,https://iieg.jalisco.gob.mx/acervo/portal/cuadernillos/2025/cuadernillos_municipales_san_cristobal_de_la_barranca_2025.pdf,san_cristobal_de_la_barranca,2025,
San Diego de Alejandría,https://iieg.jalisco.gob.mx/acervo/portal/cuadernillos/2025/cuadernillos_municipales_san_diego_de_alejandria_2025.pdf,san_diego_de_alejandria,2025,
San Gabriel,https://iieg.jalisco.gob.mx/acervo/portal/cuadernillos/2025/cuadernillos_municipales_san_gabriel_2025.pdf,san_gabriel,2025,
San Ignacio_Cerro_Gordo,https://iieg.jalisco.gob.mx/acervo/portal/cuadernillos/2025/cuadernillos_municipales_san_ignacio_cerro_gordo_2025.pdf,san_ignacio_cerro_gordo,2025,
San Juan de Los_Lagos,https://iieg.jalisco.gob.mx/acervo/portal/cuadernillos/2025/cuadernillos_municipales_san_juan_de_los_lagos_2025.pdf,san_juan_de_los_lagos,2025,
San Juanito de Escobedo,https://iieg.jalisco.gob.mx/acervo/portal/cuadernillos/2025/cuadernillos_municipales_san_juanito_de_escobedo2025.pdf,san_juanito_de_escobedo,2025,
San Julián,https://iieg.jalisco.gob.mx/acervo/portal/cuadernillos/2025/cuadernillos_municipales_san_julian_2025.pdf,san_julian,2025,
San Marcos,https://iieg.jalisco.gob.mx/acervo/portal/cuadernillos/2025/cuadernillos_municipales_san_marcos_2025.pdf,san_marcos,2025,
San Martín de Bolaños,https://iieg.jalisco.gob.mx/acervo/portal/cuadernillos/2025/cuadernillos_municipales_san_martin_de_bolanos_2025.pdf,san_martin_de_bolanos,2025,
San Martín Hidalgo,https://iieg.jalisco.gob.mx/acervo/portal/cuadernillos/2025/cuadernillos_municipales_san_martin_hidalgo_2025.pdf,san_martin_hidalgo,2025,
San Miguel el Alto,https://iieg.jalisco.gob.mx/acervo/portal/cuadernillos/2025/cuadernillos_municipales_san_miguel_el_alto_2025.pdf,san_miguel_el_alto,2025,
San Pedro Tlaquepaque,https://iieg.jalisco.gob.mx/acervo/portal/cuadernillos/2025/cuadernillos_municipales_san_pedro_tlaquepaque_2025.pdf,san_pedro_tlaquepaque,2025,
San Sebastián del Oeste,https://iieg.jalisco.gob.mx/acervo/portal/cuadernillos/2025/cuadernillos_municipales_san_sebastian_del_oeste_2025.pdf,san_sebastian_del_oeste,2025,
Santa María de los Ángeles,https://iieg.jalisco.gob.mx/acervo/portal/cuadernillos/2025/cuadernillos_municipales_santa_maria_de_los_angeles_2025.pdf,santa_maria_de_los_angeles,2025,
Santa María del Oro,https://iieg.jalisco.gob.mx/acervo/portal/cuadernillos/2025/cuadernillos_municipales_santa_maria_del_oro_2025.pdf,santa_maria_del_oro,2025,
Sayula,https://iieg.jalisco.gob.mx/acervo/portal/cuadernillos/2025/cuadernillos_municipales_sayula_2025.pdf,sayula,2025,
Tala,https://iieg.jalisco.gob.mx/acervo/portal/cuadernillos/2025/cuadernillos_municipales_tala_2025.pdf,tala,2025,
Talpa de Allende,https://iieg.jalisco.gob.mx/acervo/portal/cuadernillos/2025/cuadernillos_municipales_talapa_de_allende_2025.pdf,talpa_de_allende,2025,
Tamazula de Gordiano,https://iieg.jalisco.gob.mx/acervo/portal/cuadernillos/2025/cuadernillos_municipales_tamazula_de_gordino_2025.pdf,tamazula_de_gordiano,2025,
Tapalpa,https://iieg.jalisco.gob.mx/acervo/portal/cuadernillos/2025/cuadernillos_municipales_tapalpa_2025.pdf,tapalpa,2025,
Tecalitlan,https://iieg.jalisco.gob.mx/acervo/portal/cuadernillos/2025/cuadernillos_municipales_tecalitlan_2025.pdf,tecalitlan,2025,
Techaluta de Montenegro,https://iieg.jalisco.gob.mx/acervo/portal/cuadernillos/2025/cuadernillos_municipales_techaluta_de_montenegro_2025.pdf,techaluta_de_montenegro,2025,
Tecolotlan,https://iieg.jalisco.gob.mx/acervo/portal/cuadernillos/2025/cuadernillos_municipales_techaluta_tecolotlan_2025.pdf,tecolotlan,2025,
Tenamaxtlan,https://iieg.jalisco.gob.mx/acervo/portal/cuadernillos/2025/cuadernillos_municipales_tenamaxtlan_2025.pdf,tenamaxtlan,2025,
Teocaltiche,https://iieg.jalisco.gob.mx/acervo/portal/cuadernillos/2025/cuadernillos_municipales_teocaltiche_2026.pdf,teocaltiche,2025,
Teocuitatlán de Corona,https://iieg.jalisco.gob.mx/acervo/portal/cuadernillos/2025/cuadernillos_municipales_teocuitatlan_de_corona_2025.pdf,teocuitatlan_de_corona,2025,
Tepatitlán de Morelos,https://iieg.jalisco.gob.mx/acervo/portal/cuadernillos/2025/cuadernillos_municipales_tepatitlan_de_morelos_2025.pdf,tepatitlan_de_morelos,2025,
Tequila,https://iieg.jalisco.gob.mx/acervo/portal/cuadernillos/2025/cuadernillos_municipales_tequila2025.pdf,tequila,2025,
Teuchitlán,https://iieg.jalisco.gob.mx/acervo/portal/cuadernillos/2025/cuadernillos_municipales_teuchitlan_2025.pdf,teuchitlan,2025,
Tizapán el Alto,https://iieg.jalisco.gob.mx/acervo/portal/cuadernillos/2025/cuadernillos_municipales_tizapan_el_alto_2025.pdf,tizapan_el_alto,2025,
Tlajomulco de Zuñiga,https://iieg.jalisco.gob.mx/acervo/portal/cuadernillos/2025/cuadernillos_municipales_tlajomulco_de_zuniga_2025.pdf,tlajomulco_de_zuniga,2025,
Tolimán,https://iieg.jalisco.gob.mx/acervo/portal/cuadernillos/2025/cuadernillos_municipales_toliman_2025.pdf,toliman,2025,
Tomatlán,https://iieg.jalisco.gob.mx/acervo/portal/cuadernillos/2025/cuadernillos_municipales_tomatlan_2025.pdf,tomatlan,2025,
Tonalá,https://iieg.jalisco.gob.mx/acervo/portal/cuadernillos/2025/cuadernillos_municipales_tonala_2025.pdf,tonala,2025,
Tonaya,https://iieg.jalisco.gob.mx/acervo/portal/cuadernillos/2025/cuadernillos_municipales_tonaya_2025.pdf,tonaya,2025,
Tonila,https://iieg.jalisco.gob.mx/acervo/portal/cuadernillos/2025/cuadernillos_municipales_tonila_2025.pdf,tonila,2025,
Totatiche,https://iieg.jalisco.gob.mx/acervo/portal/cuadernillos/2025/cuadernillos_municipales_totatiche_2025.pdf,totatiche,2025,
Tototlán,https://iieg.jalisco.gob.mx/acervo/portal/cuadernillos/2025/cuadernillos_municipales_tototlan_2025.pdf,tototlan,2025,
Tuxcacuesco,https://iieg.jalisco.gob.mx/acervo/portal/cuadernillos/2025/cuadernillos_municipales_tuxcacuesco_2025.pdf,tuxcacuesco,2025,
Tuxcueca,https://iieg.jalisco.gob.mx/acervo/portal/cuadernillos/2025/cuadernillos_municipales_tuxcueca_2025.pdf,tuxcueca,2025,
Tuxpan,https://iieg.jalisco.gob.mx/acervo/portal/cuadernillos/2025/cuadernillos_municipales_tuxpan_2025.pdf,tuxpan,2025,
Unión de San Antonio,https://iieg.jalisco.gob.mx/acervo/portal/cuadernillos/2025/cuadernillos_municipales_union_de_san_antonio2025.pdf,union_de_san_antonio,2025,
Unión de Tula,https://iieg.jalisco.gob.mx/acervo/portal/cuadernillos/2025/cuadernillos_municipales_union_de_tula_2025.pdf,union_de_tula,2025,
Valle de Guadalupe,https://iieg.jalisco.gob.mx/acervo/portal/cuadernillos/2025/cuadernillos_municipales_valle_de_guadalupe_2025.pdf,valle_de_guadalupe,2025,
Valle de Juárez,https://iieg.jalisco.gob.mx/acervo/portal/cuadernillos/2025/cuadernillos_municipales_valle_de_juarez_2025.pdf,valle_de_juarez,2025,
Villa Corona,https://iieg.jalisco.gob.mx/acervo/portal/cuadernillos/2025/cuadernillos_municipales_villa_corona_2025.pdf,villa_corona,2025,
Villa Guerrero,https://iieg.jalisco.gob.mx/acervo/portal/cuadernillos/2025/cuadernillos_municipales_villa_guerrero_2025.pdf,villa_guerrero,2025,
Villa Hidalgo,https://iieg.jalisco.gob.mx/acervo/portal/cuadernillos/2025/cuadernillos_municipales_villa_hidalgo2025.pdf,villa_hidalgo,2025,
Villa Purificación,https://iieg.jalisco.gob.mx/acervo/portal/cuadernillos/2025/cuadernillos_municipales_villa_purificacion2025.pdf,villa_purificacion,2025,
Yahualica de González Gallo,https://iieg.jalisco.gob.mx/acervo/portal/cuadernillos/2025/cuadernillos_municipales_yahualica_de_gonzalez_gallo_2025.pdf,yahualica_de_gonzalez_gallo,2025,
Zacoalco de Torres,https://iieg.jalisco.gob.mx/acervo/portal/cuadernillos/2025/cuadernillos_municipales_zacoalco_de_torres_2025.pdf,zacoalco_de_torres,2025,
Zapopan,https://iieg.jalisco.gob.mx/acervo/portal/cuadernillos/2025/cuadernillos_municipales_zapopan_2025.pdf,zapopan,2025,
Zapotiltic,https://iieg.jalisco.gob.mx/acervo/portal/cuadernillos/2025/cuadernillos_municipales_zapotiltic_2025.pdf,zapotiltic,2025,
Zapotitlan de Vadillo,https://iieg.jalisco.gob.mx/acervo/portal/cuadernillos/2025/cuadernillos_municipales_zapotitlan_de_vadillo_2025.pdf,zapotitlan_de_vadillo,2025,
Zapotlan del Rey,https://iieg.jalisco.gob.mx/acervo/portal/cuadernillos/2025/cuadernillos_municipales_zapotlan_de_rey_2025.pdf,zapotlan_del_rey,2025,
Zapotlan el Grande,https://iieg.jalisco.gob.mx/acervo/portal/cuadernillos/2025/cuadernillos_municipales_zapotlan_el_grande_2025.pdf,zapotlan_el_grande,2025,
Zapotlanejo,https://iieg.jalisco.gob.mx/acervo/portal/cuadernillos/2025/cuadernillos_municipales_zapotlanejo2025.pdf,zapotlanejo,2025,
