nombre,cargo,director,telefono,email,slug
Abigail Rizo de la Torre,Dirección General del Instituto de Información Estadística y Geográfica de Jalisco,TRUE,,,
Gloria Mayela García Alcalá,Directora de Integración Operativa y Planeación,FALSE,,,
Jessica Margarita Sera Rentería,Directora Jurídica,FALSE,,,
Paulino Monroy Castillero,Director de Estadística y Análisis Estratégico,FALSE,,,
Hennessy Amor Becerra Ayala,Director de Información Geoespacial,FALSE,,,
Eduardo Ulises Moya Sanchez,Director de Inteligencia Artificial y Cómputo de Alto Rendimiento,FALSE,,,
Renato Salomón Arroyo Duarte,Director del Sistema de Información,FALSE,,,
Cintia Jaqueline Palencia Chavez,Directora Administrativa,FALSE,,,
Erica Almaraz Hernández,Directora de Gobernanza y Datos Abiertos,FALSE,,,
Manuel López González,Comisario del Órgano Interno de Control,FALSE,,,