nombre,descripcion,tipo,imagen,link,documento,fecha,slug
Calidad,Nos distinguimos por aplicar altos estándares técnicos y metodológicos que aseguran la confiabilidad de la información que producimos y difundimos.,valor,https://iieg.jalisco.gob.mx/acervo/portal/documentosIieg/imagenes/ico_calidad.png,,,,
Responsabilídad,"Reconocemos la trascendencia social de la información que publicamos y asumimos el deber ético de gestionarla con integridad, conscientes de su impacto en las decisiones públicas y en la vida de la sociedad.",valor,https://iieg.jalisco.gob.mx/acervo/portal/documentosIieg/imagenes/ico_responsabilidad.png,,,,
Innovación,"Buscamos continuamente mejorar nuestros procesos y productos a través del uso de tecnologías de vanguardia, para ofrecer información más accesible, útil y relevante.",valor,https://iieg.jalisco.gob.mx/acervo/portal/documentosIieg/imagenes/ico_innovacion.png,,,,
Colaboración,"Compartimos metodologías y tecnologías para fomentar la replicabilidad, y brindamos capacitación y asesoría para ampliar la utilidad social de la información.",valor,https://iieg.jalisco.gob.mx/acervo/portal/documentosIieg/imagenes/ico_colaboracion.png,,,,
Objetividad,"Garantizamos que la información estadística y geográfica se genera, analiza y difunde con imparcialidad, sustentada en evidencia científica y metodológica.",valor,https://iieg.jalisco.gob.mx/acervo/portal/documentosIieg/imagenes/ico_objetividad.png,,,,
Pertinencia,"Generamos y entregamos información oportuna y relevante, que atiende directamente a las necesidades y prioridades de la sociedad y los tomadores de decisiones.",valor,https://iieg.jalisco.gob.mx/acervo/portal/documentosIieg/imagenes/ico_pertinencia.png,,,,
Información oficial confiable,,plan_institucional,https://iieg.jalisco.gob.mx/acervo/portal/documentosIieg/imagenes/ico_plan_institucional_01.png,,,,
Sistema interoperable estatal,,plan_institucional,https://iieg.jalisco.gob.mx/acervo/portal/documentosIieg/imagenes/ico_plan_institucional_02.png,,,,
Gestión tecnológica innovadora,,plan_institucional,https://iieg.jalisco.gob.mx/acervo/portal/documentosIieg/imagenes/ico_plan_institucional_03.png,,,,
Acceso abierto a datos,,plan_institucional,https://iieg.jalisco.gob.mx/acervo/portal/documentosIieg/imagenes/ico_plan_institucional_04.png,,,,
Capacitación y asesoría,,plan_institucional,https://iieg.jalisco.gob.mx/acervo/portal/documentosIieg/imagenes/ico_plan_institucional_05.png,,,,
Información geoespacial,,plan_institucional,https://iieg.jalisco.gob.mx/acervo/portal/documentosIieg/imagenes/ico_plan_institucional_06.png,,,,
Gestión institucional eficiente,,plan_institucional,https://iieg.jalisco.gob.mx/acervo/portal/documentosIieg/imagenes/ico_plan_institucional_07.png,,,,
Plan de trabajo anual,,plan_de_trabajo,,,https://iieg.jalisco.gob.mx/acervo/portal/documentosIieg/documentos/plan-de-trabajo-anual-iieg-2025.pdf,2025-02-01,
Plan de trabajo anual,,plan_de_trabajo2026,,,https://iieg.jalisco.gob.mx/acervo/portal/documentosIieg/documentos/plan-de-trabajo-anual-iieg-2026.pdf,2026-02-01,
Ley Orgánica del Instututo de Información Estadística  y Geográfica del Estado de Jalisco  (08 diciembre 2013),,normatividad,,,https://iieg.jalisco.gob.mx/acervo/portal/documentosIieg/documentos/ley_organica_del_instituto_de_informacion_estadistica_y_geografica_del_estado_de_jalisco_08_12_2013.pdf,,
Reglamento de la ley Orgánica del Instituto de Información Estadística y Geográfica del Estado de Jalisco (07 diciembre 2020),,normatividad,,,https://iieg.jalisco.gob.mx/acervo/portal/documentosIieg/documentos/reglamento_de_la_ley_organica_del_instituto_de_informacion_estadistica_07_12_2025.pdf,,
Acuerdo de No Sectorización del IIEG (09 diciembre 2024),,normatividad,,,https://iieg.jalisco.gob.mx/acervo/portal/documentosIieg/documentos/acuerdo_de_no_sectorizacion_del_iieg_dialeg_acu_067_2024_09_12_2024.pdf,,
Ley de Límites Territoriales de los Municipios del Estado de Jalisco (09 Diciembre 2019),,normatividad,,,https://iieg.jalisco.gob.mx/acervo/portal/documentosIieg/documentos/ley_de_limites_territoriales_de_los_municipios_del_estado_de_Jalisco_240223.pdf,,
Ley de Entidades Paraestatales del Estado de Jalisco (16 Febrero 2023),,normatividad,,,https://iieg.jalisco.gob.mx/acervo/portal/documentosIieg/documentos/ley_de_entidades_paraestatales_del_estado_de_jalisco_16_02_2023.pdf,,
Acuerdo de la Contralora del Estado que designa al Titular del Órgano Interno de Control del IIEG (No. 07/2025 – 06 Enero 2025),,normatividad,,,https://iieg.jalisco.gob.mx/acervo/portal/documentosIieg/documentos/acuerdo_de_la_contralora_del_estado_que_designa_al_titular_del_organo_de_control_del_iieg_06_01_2025.pdf,,