titulo,descripcion,anyo,archivo,tipo,claves,slug,temas_slugs,sistemas_slugs
Mapa General del Estado de Jalisco,,2026,https://iieg.jalisco.gob.mx/acervo/portal/documentacion/2026/mapa_general_jalisco_2026.pdf,cartografia,,,territorio,
Mapa Base Acatic 2026,,2026,https://iieg.jalisco.gob.mx/acervo/portal/documentacion/2026/mapa_base_1_acatic_2026.pdf,cartografia,,,territorio,
Mapa Base Acatlán de Juárez 2026,,2026,https://iieg.jalisco.gob.mx/acervo/portal/documentacion/2026/mapa_base_2_acatlan_de_juarez_2026.pdf,cartografia,,,territorio,
Mapa Base Ahualulco de Mercado 2026,,2026,https://iieg.jalisco.gob.mx/acervo/portal/documentacion/2026/mapa_base_3_ahualulco_de_mercado_2026.pdf,cartografia,,,territorio,
Mapa Base Amacueca 2026,,2026,https://iieg.jalisco.gob.mx/acervo/portal/documentacion/2026/mapa_base_4_amacueca_2026.pdf,cartografia,,,territorio,
Mapa Base Amatitán 2026,,2026,https://iieg.jalisco.gob.mx/acervo/portal/documentacion/2026/mapa_base_5_amatitan_2026.pdf,cartografia,,,territorio,
Mapa Base Ameca 2026,,2026,https://iieg.jalisco.gob.mx/acervo/portal/documentacion/2026/mapa_base_6_ameca_2026.pdf,cartografia,,,territorio,
Mapa Base San Juanito de Escobedo 2026,,2026,https://iieg.jalisco.gob.mx/acervo/portal/documentacion/2026/mapa_base_7_san_juanito_de_escobedo_2026.pdf,cartografia,,,territorio,
Mapa Base Arandas 2026,,2026,https://iieg.jalisco.gob.mx/acervo/portal/documentacion/2026/mapa_base_8_arandas_2026.pdf,cartografia,,,territorio,
Mapa Base El Arenal 2026,,2026,https://iieg.jalisco.gob.mx/acervo/portal/documentacion/2026/mapa_base_9_el_arenal_2026.pdf,cartografia,,,territorio,
Mapa Base Atemajac de Brizuela 2026,,2026,https://iieg.jalisco.gob.mx/acervo/portal/documentacion/2026/mapa_base_10_atemajac_de_brizuela_2026.pdf,cartografia,,,territorio,
Mapa Base Atengo 2026,,2026,https://iieg.jalisco.gob.mx/acervo/portal/documentacion/2026/mapa_base_11_atengo_2026.pdf,cartografia,,,territorio,
Mapa Base Atenguillo 2026,,2026,https://iieg.jalisco.gob.mx/acervo/portal/documentacion/2026/mapa_base_12_atenguillo_2026.pdf,cartografia,,,territorio,
Mapa Base Atotonilco el Alto 2026,,2026,https://iieg.jalisco.gob.mx/acervo/portal/documentacion/2026/mapa_base_13_atotonilco_el_alto_2026.pdf,cartografia,,,territorio,
Mapa Base Atoyac 2026,,2026,https://iieg.jalisco.gob.mx/acervo/portal/documentacion/2026/mapa_base_14_atoyac_2026.pdf,cartografia,,,territorio,
Mapa Base Autlán de Navarro 2026,,2026,https://iieg.jalisco.gob.mx/acervo/portal/documentacion/2026/mapa_base_15_autlan_de_navarro_2026.pdf,cartografia,,,territorio,
Mapa Base Ayotlán 2026,,2026,https://iieg.jalisco.gob.mx/acervo/portal/documentacion/2026/mapa_base_16_ayotlan_2026.pdf,cartografia,,,territorio,
Mapa Base Ayutla 2026,,2026,https://iieg.jalisco.gob.mx/acervo/portal/documentacion/2026/mapa_base_17_ayutla_2026.pdf,cartografia,,,territorio,
Mapa Base La Barca 2026,,2026,https://iieg.jalisco.gob.mx/acervo/portal/documentacion/2026/mapa_base_18_la_barca_2026.pdf,cartografia,,,territorio,
Mapa Base Bolaños 2026,,2026,https://iieg.jalisco.gob.mx/acervo/portal/documentacion/2026/mapa_base_19_bolanos_2026.pdf,cartografia,,,territorio,
Mapa Base Cabo Corrientes 2026,,2026,https://iieg.jalisco.gob.mx/acervo/portal/documentacion/2026/mapa_base_20_cabo_corrientes_2026.pdf,cartografia,,,territorio,
Mapa Base Casimiro Castillo 2026,,2026,https://iieg.jalisco.gob.mx/acervo/portal/documentacion/2026/mapa_base_21_casimiro_castillo_2026.pdf,cartografia,,,territorio,
Mapa Base Cihuatlán 2026,,2026,https://iieg.jalisco.gob.mx/acervo/portal/documentacion/2026/mapa_base_22_cihuatlan_2026.pdf,cartografia,,,territorio,
Mapa Base Zapotlán el Grande 2026 ,,2026,https://iieg.jalisco.gob.mx/acervo/portal/documentacion/2026/mapa_base_23_zapotlan_el_grande_2026.pdf,cartografia,,,territorio,
Mapa Base Cocula 2026,,2026,https://iieg.jalisco.gob.mx/acervo/portal/documentacion/2026/mapa_base_24_cocula_2026.pdf,cartografia,,,territorio,
Mapa base Colotlán 2026,,2026,https://iieg.jalisco.gob.mx/acervo/portal/documentacion/2026/mapa_base_25_colotlan_2026.pdf,cartografia,,,territorio,
Mapa Base Concepción de Buenos Aires 2026,,2026,https://iieg.jalisco.gob.mx/acervo/portal/documentacion/2026/mapa_base_26_concepcion_de_buenos_aires_2026.pdf,cartografia,,,territorio,
Mapa Mase Cuautitlán de García Barragán 2026,,2026,https://iieg.jalisco.gob.mx/acervo/portal/documentacion/2026/mapa_base_27_cuautitlan_de_garcia_barragan_2026.pdf,cartografia,,,territorio,
Mapa Base Cuautla 2026,,2026,https://iieg.jalisco.gob.mx/acervo/portal/documentacion/2026/mapa_base_28_cuautla_2026.pdf,cartografia,,,territorio,
Mapa Base Cuquío 2026 ,,2026,https://iieg.jalisco.gob.mx/acervo/portal/documentacion/2026/mapa_base_29_cuquio_2026.pdf,cartografia,,,territorio,
Mapa Base Chapala 2026,,2026,https://iieg.jalisco.gob.mx/acervo/portal/documentacion/2026/mapa_base_30_chapala_2026.pdf,cartografia,,,territorio,
Mapa Base Chimaltitán 2026,,2026,https://iieg.jalisco.gob.mx/acervo/portal/documentacion/2026/mapa_base_31_chimaltitan_2026.pdf,cartografia,,,territorio,
Mapa Base Chiquilistlán 2026,,2026,https://iieg.jalisco.gob.mx/acervo/portal/documentacion/2026/mapa_base_32_chiquilistlan_2026.pdf,cartografia,,,territorio,
Mapa Base Degollado 2026,,2026,https://iieg.jalisco.gob.mx/acervo/portal/documentacion/2026/mapa_base_33_degollado_2026.pdf,cartografia,,,territorio,
Mapa Base Ejutla 2026,,2026,https://iieg.jalisco.gob.mx/acervo/portal/documentacion/2026/mapa_base_34_ejutla_2026.pdf,cartografia,,,territorio,
Mapa Base Encarnación de Díaz 2026,,2026,https://iieg.jalisco.gob.mx/acervo/portal/documentacion/2026/mapa_base_35_encarnacion_de_diaz_2026.pdf,cartografia,,,territorio,
Mapa Base Etzatlán 2026,,2026,https://iieg.jalisco.gob.mx/acervo/portal/documentacion/2026/mapa_base_36_etzatlan_2026.pdf,cartografia,,,territorio,
Mapa Base El Grullo 2026,,2026,https://iieg.jalisco.gob.mx/acervo/portal/documentacion/2026/mapa_base_37_el_grullo_2026.pdf,cartografia,,,territorio,
Mapa Base Guachinango 2026,,2026,https://iieg.jalisco.gob.mx/acervo/portal/documentacion/2026/mapa_base_38_guachinango_2026.pdf,cartografia,,,territorio,
Mapa Base Guadalajara 2026,,2026,https://iieg.jalisco.gob.mx/acervo/portal/documentacion/2026/mapa_base_39_guadalajara_2026.pdf,cartografia,,,territorio,
Mapa Base Hostotipaquillo 2026,,2026,https://iieg.jalisco.gob.mx/acervo/portal/documentacion/2026/mapa_base_40_hostotipaquillo_2026.pdf,cartografia,,,territorio,
Mapa Base Huejúcar 2026,,2026,https://iieg.jalisco.gob.mx/acervo/portal/documentacion/2026/mapa_base_41_huejucar_2026.pdf,cartografia,,,territorio,
Mapa Base Huejuquilla del Alto 2026,,2026,https://iieg.jalisco.gob.mx/acervo/portal/documentacion/2026/mapa_base_42_huejuquilla_el_alto_2026.pdf,cartografia,,,territorio,
Mapa Base La Huerta 2026,,2026,https://iieg.jalisco.gob.mx/acervo/portal/documentacion/2026/mapa_base_43_la_huerta_2026.pdf,cartografia,,,territorio,
Mapa Base Ixtlahuacán de los Membrillos 2026,,2026,https://iieg.jalisco.gob.mx/acervo/portal/documentacion/2026/mapa_base_44_ixtlahuacan_de_los_membrillos_2026.pdf,cartografia,,,territorio,
Mapa Base Ixtlahuacán del Río 2026,,2026,https://iieg.jalisco.gob.mx/acervo/portal/documentacion/2026/mapa_base_45_ixtlahuacan_del_rio_2026.pdf,cartografia,,,territorio,
Mapa Base Jalostotitlán 2026,,2026,https://iieg.jalisco.gob.mx/acervo/portal/documentacion/2026/mapa_base_46_jalostotitlan_2026.pdf,cartografia,,,territorio,
Mapa Base Jamay 2026,,2026,https://iieg.jalisco.gob.mx/acervo/portal/documentacion/2026/mapa_base_47_jamay_2026.pdf,cartografia,,,territorio,
Mapa Base Jesús María 2026,,2026,https://iieg.jalisco.gob.mx/acervo/portal/documentacion/2026/mapa_base_48_jesus_maria_2026.pdf,cartografia,,,territorio,
Mapa Base Jilotlán de los Dolores 2026,,2026,https://iieg.jalisco.gob.mx/acervo/portal/documentacion/2026/mapa_base_49_jilotlan_de_los_dolores_2026.pdf,cartografia,,,territorio,
Mapa Base Jocotepec 2026,,2026,https://iieg.jalisco.gob.mx/acervo/portal/documentacion/2026/mapa_base_50_jocotepec_2026.pdf,cartografia,,,territorio,
Mapa Base Juanacatlán 2026,,2026,https://iieg.jalisco.gob.mx/acervo/portal/documentacion/2026/mapa_base_51_juanacatlan_2026.pdf,cartografia,,,territorio,
Mapa Base Juchitlán 2026,,2026,https://iieg.jalisco.gob.mx/acervo/portal/documentacion/2026/mapa_base_52_juchitlan_2026.pdf,cartografia,,,territorio,
Mapa Base Lagos de Moreno 2026,,2026,https://iieg.jalisco.gob.mx/acervo/portal/documentacion/2026/mapa_base_53_lagos_de_moreno_2026.pdf,cartografia,,,territorio,
Mapa Base El Limón 2026,,2026,https://iieg.jalisco.gob.mx/acervo/portal/documentacion/2026/mapa_base_54_el_limon_2026.pdf,cartografia,,,territorio,
Mapa Base Magdalena 2026,,2026,https://iieg.jalisco.gob.mx/acervo/portal/documentacion/2026/mapa_base_55_magdalena_2026.pdf,cartografia,,,territorio,
Mapa Base Santa María del Oro 2026,,2026,https://iieg.jalisco.gob.mx/acervo/portal/documentacion/2026/mapa_base_56_santa_maria_del_oro_2026.pdf,cartografia,,,territorio,
Mapa Base La Manzanilla de la Paz 2026,,2026,https://iieg.jalisco.gob.mx/acervo/portal/documentacion/2026/mapa_base_57_la_manzanilla_de_la_paz_2026.pdf,cartografia,,,territorio,
Mapa Base Mascota 2026,,2026,https://iieg.jalisco.gob.mx/acervo/portal/documentacion/2026/mapa_base_58_mascota_2026.pdf,cartografia,,,territorio,
Mapa Base Mazamitla 2026,,2026,https://iieg.jalisco.gob.mx/acervo/portal/documentacion/2026/mapa_base_59_mazamitla_2026.pdf,cartografia,,,territorio,
Mapa Base Mexticacán 2026,,2026,https://iieg.jalisco.gob.mx/acervo/portal/documentacion/2026/mapa_base_60_mexticacan_2026.pdf,cartografia,,,territorio,
Mapa Base Mezquitic 2026,,2026,https://iieg.jalisco.gob.mx/acervo/portal/documentacion/2026/mapa_base_61_mezquitic_2026.pdf,cartografia,,,territorio,
Mapa Base Mixtlan 2026,,2026,https://iieg.jalisco.gob.mx/acervo/portal/documentacion/2026/mapa_base_62_mixtlan_2026.pdf,cartografia,,,territorio,
Mapa Base Ocotlán 2026,,2026,https://iieg.jalisco.gob.mx/acervo/portal/documentacion/2026/mapa_base_63_ocotlan_2026.pdf,cartografia,,,territorio,
Mapa Base Ojuelos de Jalisco 2026,,2026,https://iieg.jalisco.gob.mx/acervo/portal/documentacion/2026/mapa_base_64_ojuelos_de_jalisco_2026.pdf,cartografia,,,territorio,
Mapa base Pihuamo 2026,,2026,https://iieg.jalisco.gob.mx/acervo/portal/documentacion/2026/mapa_base_65_pihuamo_2026.pdf,cartografia,,,territorio,
Mapa Base Poncitlán 2026,,2026,https://iieg.jalisco.gob.mx/acervo/portal/documentacion/2026/mapa_base_66_poncitlan_2026.pdf,cartografia,,,territorio,
Mapa Base Puerto Vallarta 2026,,2026,https://iieg.jalisco.gob.mx/acervo/portal/documentacion/2026/mapa_base_67_puerto_vallarta_2026.pdf,cartografia,,,territorio,
Mapa Base Villa Purificación 2026,,2026,https://iieg.jalisco.gob.mx/acervo/portal/documentacion/2026/mapa_base_68_villa_purificacion_2026.pdf,cartografia,,,territorio,
Mapa Base Quitupan 2026,,2026,https://iieg.jalisco.gob.mx/acervo/portal/documentacion/2026/mapa_base_69_quitupan_2026.pdf,cartografia,,,territorio,
Mapa Base El Salto 2026,,2026,https://iieg.jalisco.gob.mx/acervo/portal/documentacion/2026/mapa_base_70_el_salto_2026.pdf,cartografia,,,territorio,
Mapa Base San Cristóbal de la Barranca 2026,,2026,https://iieg.jalisco.gob.mx/acervo/portal/documentacion/2026/mapa_base_71_san_cristobal_de_la_barranca_2026.pdf,cartografia,,,territorio,
Mapa Base San Diego de Alejandría 2026,,2026,https://iieg.jalisco.gob.mx/acervo/portal/documentacion/2026/mapa_base_72_san_diego_de_alejandria_2026.pdf,cartografia,,,territorio,
Mapa Base San Juan de los Lagos 2026,,2026,https://iieg.jalisco.gob.mx/acervo/portal/documentacion/2026/mapa_base_73_san_juan_de_los_lagos_2026.pdf,cartografia,,,territorio,
Mapa Base San Julián 2026,,2026,https://iieg.jalisco.gob.mx/acervo/portal/documentacion/2026/mapa_base_74_san_julian_2026.pdf,cartografia,,,territorio,
Mapa Base San Marcos 2026,,2026,https://iieg.jalisco.gob.mx/acervo/portal/documentacion/2026/mapa_base_75_san_marcos_2026.pdf,cartografia,,,territorio,
Mapa Base San Martín de Bolaños 2026,,2026,https://iieg.jalisco.gob.mx/acervo/portal/documentacion/2026/mapa_base_76_san_martin_de_bolanos_2026.pdf,cartografia,,,territorio,
Mapa Base San Martín Hidalgo 2026,,2026,https://iieg.jalisco.gob.mx/acervo/portal/documentacion/2026/mapa_base_77_san_martin_hidalgo_2026.pdf,cartografia,,,territorio,
Mapa Base San Miguel El Alto 2026,,2026,https://iieg.jalisco.gob.mx/acervo/portal/documentacion/2026/mapa_base_78_san_miguel_el_alto_2026.pdf,cartografia,,,territorio,
Mapa Base Gómez Farias 2026,,2026,https://iieg.jalisco.gob.mx/acervo/portal/documentacion/2026/mapa_base_79_gomez_farias_2026.pdf,cartografia,,,territorio,
Mapa Base San Sebastián del Oeste 2026,,2026,https://iieg.jalisco.gob.mx/acervo/portal/documentacion/2026/mapa_base_80_san_sebastian_del_oeste_2026.pdf,cartografia,,,territorio,
Mapa Base Santa María de los Angeles 2026,,2026,https://iieg.jalisco.gob.mx/acervo/portal/documentacion/2026/mapa_base_81_santa_maria_de_los_angeles_2026.pdf,cartografia,,,territorio,
Mapa Base Sayula 2026,,2026,https://iieg.jalisco.gob.mx/acervo/portal/documentacion/2026/mapa_base_82_sayula_2026.pdf,cartografia,,,territorio,
Mapa Base Tala 2026,,2026,https://iieg.jalisco.gob.mx/acervo/portal/documentacion/2026/mapa_base_83_tala_2026.pdf,cartografia,,,territorio,
Mapa Base Talpa de Allende 2026,,2026,https://iieg.jalisco.gob.mx/acervo/portal/documentacion/2026/mapa_base_84_talpa_de_allende_2026.pdf,cartografia,,,territorio,
Mapa Base Tamazula de Gordiano 2026,,2026,https://iieg.jalisco.gob.mx/acervo/portal/documentacion/2026/mapa_base_85_tamazula_de_gordiano_2026.pdf,cartografia,,,territorio,
Mapa Base Tapalpa 2026,,2026,https://iieg.jalisco.gob.mx/acervo/portal/documentacion/2026/mapa_base_86_tapalpa_2026.pdf,cartografia,,,territorio,
Mapa Base Tecalitlán 2026,,2026,https://iieg.jalisco.gob.mx/acervo/portal/documentacion/2026/mapa_base_87_tecalitlan_2026.pdf,cartografia,,,territorio,
Mapa Base Tecolotlán 2026,,2026,https://iieg.jalisco.gob.mx/acervo/portal/documentacion/2026/mapa_base_88_tecolotlan_2026.pdf,cartografia,,,territorio,
Mapa Base Techaluta de Montenegro 2026,,2026,https://iieg.jalisco.gob.mx/acervo/portal/documentacion/2026/mapa_base_89_techaluta_de_montenegro_2026.pdf,cartografia,,,territorio,
Mapa Base Tenamaxtlán 2026,,2026,https://iieg.jalisco.gob.mx/acervo/portal/documentacion/2026/mapa_base_90_tenamaxtlan_2026.pdf,cartografia,,,territorio,
Mapa Bse Teocaltiche 2026,,2026,https://iieg.jalisco.gob.mx/acervo/portal/documentacion/2026/mapa_base_91_teocaltiche_2026.pdf,cartografia,,,territorio,
Mapa Base Teocuitatlán de Corona 2026,,2026,https://iieg.jalisco.gob.mx/acervo/portal/documentacion/2026/mapa_base_92_teocuitatlan_de_corona_2026.pdf,cartografia,,,territorio,
Mapa Base Tepatitlán de Morelos 2026,,2026,https://iieg.jalisco.gob.mx/acervo/portal/documentacion/2026/mapa_base_93_tepatitlan_de_morelos_2026.pdf,cartografia,,,territorio,
Mapa Base Tequila 2026,,2026,https://iieg.jalisco.gob.mx/acervo/portal/documentacion/2026/mapa_base_94_tequila_2026.pdf,cartografia,,,territorio,
Mapa Base Teuchitlán 2026,,2026,https://iieg.jalisco.gob.mx/acervo/portal/documentacion/2026/mapa_base_95_teuchitlan_2026.pdf,cartografia,,,territorio,
Mapa Base Tizapán el Alto 2026,,2026,https://iieg.jalisco.gob.mx/acervo/portal/documentacion/2026/mapa_base_96_tizapan_el_alto_2026.pdf,cartografia,,,territorio,
Mapa Base Tlajomulco de Zuñiga 2026,,2026,https://iieg.jalisco.gob.mx/acervo/portal/documentacion/2026/mapa_base_97_tlajomulco_de_zuniga_2026.pdf,cartografia,,,territorio,
Mapa Base San Pedro Tlaquepaque 2026,,2026,https://iieg.jalisco.gob.mx/acervo/portal/documentacion/2026/mapa_base_98_san_pedro_tlaquepaque_2026.pdf,cartografia,,,territorio,
Mapa Base Tolimán 2026,,2026,https://iieg.jalisco.gob.mx/acervo/portal/documentacion/2026/mapa_base_99_toliman_2026.pdf,cartografia,,,territorio,
Mapa Base Tomatlán 2026,,2026,https://iieg.jalisco.gob.mx/acervo/portal/documentacion/2026/mapa_base_100_tomatlan_2026.pdf,cartografia,,,territorio,
Mapa Base Tonalá 2026,,2026,https://iieg.jalisco.gob.mx/acervo/portal/documentacion/2026/mapa_base_101_tonala_2026.pdf,cartografia,,,territorio,
Mapa Base Tonaya 2026,,2026,https://iieg.jalisco.gob.mx/acervo/portal/documentacion/2026/mapa_base_102_tonaya_2026.pdf,cartografia,,,territorio,
Mapa Base Tonila 2026,,2026,https://iieg.jalisco.gob.mx/acervo/portal/documentacion/2026/mapa_base_103_tonila_2026.pdf,cartografia,,,territorio,
Mapa Base Totatiche 2026,,2026,https://iieg.jalisco.gob.mx/acervo/portal/documentacion/2026/mapa_base_104_totatiche_2026.pdf,cartografia,,,territorio,
Mapa Base Tototlán 2026,,2026,https://iieg.jalisco.gob.mx/acervo/portal/documentacion/2026/mapa_base_105_tototlan_2026.pdf,cartografia,,,territorio,
Mapa Base Tuxcacuesco 2026,,2026,https://iieg.jalisco.gob.mx/acervo/portal/documentacion/2026/mapa_base_106_tuxcacuesco_2026.pdf,cartografia,,,territorio,
Mapa Base Tuxcueca 2026,,2026,https://iieg.jalisco.gob.mx/acervo/portal/documentacion/2026/mapa_base_107_tuxcueca_2026.pdf,cartografia,,,territorio,
Maoa Base Tuxpan 2026,,2026,https://iieg.jalisco.gob.mx/acervo/portal/documentacion/2026/mapa_base_108_tuxpan_2026.pdf,cartografia,,,territorio,
Mapa Base Unión de San Antonio 2026,,2026,https://iieg.jalisco.gob.mx/acervo/portal/documentacion/2026/mapa_base_109_union_de_san_antonio_2026.pdf,cartografia,,,territorio,
Mapa Base Unión de Tula 2026,,2026,https://iieg.jalisco.gob.mx/acervo/portal/documentacion/2026/mapa_base_110_union_de_tula_2026.pdf,cartografia,,,territorio,
Mapa Base Valle de Guadalupe 2026,,2026,https://iieg.jalisco.gob.mx/acervo/portal/documentacion/2026/mapa_base_111_valle_de_guadalupe_2026.pdf,cartografia,,,territorio,
Mapa Base Valle de Juárez 2026,,2026,https://iieg.jalisco.gob.mx/acervo/portal/documentacion/2026/mapa_base_112_valle_de_juarez_2026.pdf,cartografia,,,territorio,
Mapa Base San Gabriel 2026,,2026,https://iieg.jalisco.gob.mx/acervo/portal/documentacion/2026/mapa_base_113_san_gabriel_2026.pdf,cartografia,,,territorio,
Mapa Base Villa Corona 2026,,2026,https://iieg.jalisco.gob.mx/acervo/portal/documentacion/2026/mapa_base_114_villa_corona_2026.pdf,cartografia,,,territorio,
Mapa Base Villa Guerrero 2026,,2026,https://iieg.jalisco.gob.mx/acervo/portal/documentacion/2026/mapa_base_115_villa_guerrero_2026.pdf,cartografia,,,territorio,
Mapa Base Villa Hidalgo 2026,,2026,https://iieg.jalisco.gob.mx/acervo/portal/documentacion/2026/mapa_base_116_villa_hidalgo_2026.pdf,cartografia,,,territorio,
Mapa Base Cañadas de Obregón 2026,,2026,https://iieg.jalisco.gob.mx/acervo/portal/documentacion/2026/mapa_base_117_canadas_de_obregon_2026.pdf,cartografia,,,territorio,
Mapa Base Yahualica de Gonzalez Gallo 2026,,2026,https://iieg.jalisco.gob.mx/acervo/portal/documentacion/2026/mapa_base_118_yahualica_de_gonzalez_gallo.pdf,cartografia,,,territorio,
Mapa Base Zacoalco 2026,,2026,https://iieg.jalisco.gob.mx/acervo/portal/documentacion/2026/mapa_base_119_zacoalco_de_torres_2026.pdf,cartografia,,,territorio,
Mapa Base Zapopan 2026,,2026,https://iieg.jalisco.gob.mx/acervo/portal/documentacion/2026/mapa_base_120_zapopan_2026.pdf,cartografia,,,territorio,
Mapa Base Zapotiltic 2026,,2026,https://iieg.jalisco.gob.mx/acervo/portal/documentacion/2026/mapa_base_121_zapotiltic_2026.pdf,cartografia,,,territorio,
Mapa Base Zapotitlán de Vadillo 2026,,2026,https://iieg.jalisco.gob.mx/acervo/portal/documentacion/2026/mapa_base_122_zapotitlan_de_vadillo_2026.pdf,cartografia,,,territorio,
Mapa Base Zapotlán del Rey 2026,,2026,https://iieg.jalisco.gob.mx/acervo/portal/documentacion/2026/mapa_base_123_zapotlan_del_rey_2026.pdf,cartografia,,,territorio,
Mapa Base Zapotlanejo 2026,,2026,https://iieg.jalisco.gob.mx/acervo/portal/documentacion/2026/mapa_base_124_zapotlanejo_2026.pdf,cartografia,,,territorio,
Mapa Base San Ignacio Cerro Gordo 2026,,2026,https://iieg.jalisco.gob.mx/acervo/portal/documentacion/2026/mapa_base_125_san_ignacio_cerro_gordo_2026.pdf,cartografia,,,territorio,