nombre,descripcion,slug
Módulo 1,"Cultura de Datos: Pensar, Visualizar, Experimentar

Identificar los conceptos básicos de la cultura de datos con el fin de experimentar y desarrollar habilidades prácticas en la visualización de datos mediante un taller experimental.",modulo-1
Módulo 2,"Introducción a la Estadísticas Básica e Inferencial: Aplicaciones con el manejo de información Estadística 


Introducir los conceptos fundamentales de la estadística básica e inferencial a partir del estudio de sus principales conceptos y características a fin de integrarlas en los diseños y evaluación de políticas públicas. ",modulo-2
Módulo 3,"Estadística oficial: Caracteríticas, fuentes y alcances


Desarrollar un acercamiento a los sistemas subnacionales de información estadística a partir del uso de ejercicios prácticos que fortalezcan la identificación de sus principales características, así como el análisis e interpretación en contextos territoriales.",modulo-3
Módulo 4,"Introducción a los Sistemas de Inforrmación Geográfica y el Análisis Espacial 


Realizar un abordaje de los fundamentos teóricos y prácticos de los Sistemas de Información Geográfica (SIG) y del análisis espacial, con el fin de desarrollar habilidades para su aplicación en procesos municipales y territoriales.",modulo-4
