pregunta,respuesta,claves,slug,temas_slug
¿Qué es MapaLab y para qué sirve?,MapaLab es un geoportal que concentra información geoespacial y estadística de distintos temas para el estado de Jalisco. ,,,mapalab
¿Qué tipo de información puedo consultar?,"Puedes consultar información demográfica, económica, de educación, salud, seguridad, desarrollo social, recursos naturales y calidad de vida, gobierno y ciudadanía.",,,mapalab
¿Puedo visualizar diferentes capas temáticas?,"Sí, en Mapalab puedes visualizar diferentes capas temáticas y combinarlas según la información que necesites analizar.",,,mapalab
¿Puedo descargar los datos que estoy consultando?,¡Claro! Puedes descargar la base de datos y además elegir únicamente la información de la capa que te interese. La descarga incluye metadatos para facilitar la compresión del contenido.,,,mapalab
¿Los datos están actualizados?,"Cada capa tiene actualizaciones en fechas distintas, indicadas en su tarjeta de información específica. La información de las capas se actualiza conforme las fuentes generan nueva información, en algunos capas aunque la actualización no sea reciente, la información que se presenta es la vigente.",,,mapalab
¿Se pueden hacer comparaciones entre municipios o regiones de Jalisco?,"Actualmente no es posible comparar municipios o regiones de Jalisco en MapaLab. Sin embargo, está funcionalidad ya está contemplada para las siguientes versiones.",,,mapalab
¿Puedo consultar tendencias o cambios a lo largo del tiempo?,¡Por supuesto! En la tarjeta de información específica de cada capa se indican los distintos periodos disponibles para la selección de tu visualización.,,,mapalab
¿MapaLab está optimizado para tabletas o dispositivos móviles?,"MapaLab es compatible con cualquier dispositivo, pero recomendamos usar una computadora para disfrutar de la mejor experiencia visual y funcional.",,,mapalab
¿Cómo puedo contactar al IIEG si tengo dudas sobre el uso o los datos de Mapalab?,Para dudas y preguntas sobre MapaLab puedes contactarnos a través del correo contacto@iieg.gob.mx.,,,mapalab
¿Quién produce la información disponible en MapaLab?,"En la tarjeta de información específica de cada capa se indica la fuente original, así como las capas que tienen algún tipo de transformación o procesamiento interno.",,,mapalab
¿Qué es el IIEG?,"El Instituto de Información Estadística y Geográfica del Estado de Jalisco (IIEG) es un organismo público responsable de coordinar, producir, integrar y difundir información estadística y geográfica oficial en el estado, para apoyar la planeación, evaluación y toma de decisiones públicas.
Su creación, atribuciones y funcionamiento se encuentran establecidos en su Ley Orgánica.
",,,acerca-del-iieg
¿Qué significa que el IIEG sea un Organismo Público Descentralizado (OPD)?,"Un Organismo Público Descentralizado es una entidad creada por ley, con personalidad jurídica y patrimonio propios, que cuenta con autonomía técnica y de gestión para el cumplimiento de sus atribuciones.
En el caso del IIEG, esta naturaleza jurídica le permite ejercer sus funciones con independencia metodológica y rigor técnico.
",,,acerca-del-iieg
¿A qué instancia está sectorizado el IIEG?,"Mediante acuerdo del Titular del Poder Ejecutivo del Estado, a partir de diciembre de 2024 el Instituto no se encuentra sectorizado a ninguna dependencia de la Administración Pública Centralizada.
Esta condición fortalece su autonomía técnica y su capacidad de coordinación transversal con todas las dependencias y entidades del estado.
",,,acerca-del-iieg
¿Cuál es la función principal del Instituto?,"Garantizar que el estado cuente con información estadística y geográfica oficial, confiable, actualizada y metodológicamente sólida para el diseño, seguimiento y evaluación de políticas públicas. Además, coordinar el Sistema Estatal de Información Estadística y Geográfica para garantizar la disponibilidad de información oficial.",,,acerca-del-iieg
¿Cuál es la relación del IIEG con el Sistema Nacional de Información Estadística y Geográfica?,"El Instituto forma parte del entramado institucional previsto en la LSNIEG, que establece la coordinación entre las Unidades del Estado y el INEGI a través de subsistemas y comités técnicos.
El IIEG funge como instancia estatal de articulación para asegurar que la información generada en Jalisco cumpla con estándares nacionales y sea comparable a nivel país.
",,,acerca-del-iieg
¿El IIEG produce toda la información estadística del estado?,"No. Diversas dependencias y entidades generan información en el ejercicio de sus atribuciones. El Instituto coordina, integra, establece lineamientos técnicos y promueve estándares metodológicos para asegurar calidad, interoperabilidad y comparabilidad.",,,acerca-del-iieg
¿Cuál es la diferencia entre el INEGI y el IIEG?,"El Instituto Nacional de Estadística y Geografía (INEGI) es un organismo constitucional autónomo de carácter nacional, responsable de coordinar el Sistema Nacional de Información Estadística y Geográfica y de producir información oficial a nivel país.
El IIEG es un organismo público descentralizado del Gobierno del Estado de Jalisco que coordina el Sistema Estatal de Información Estadística y Geográfica, articula a las dependencias estatales productoras de información y asegura que los datos del estado sean compatibles con los estándares nacionales establecidos en la Ley del Sistema Nacional de Información Estadística y Geográfica (LSNIEG).
En síntesis, el INEGI tiene competencia nacional; el IIEG tiene competencia estatal y actúa como instancia de coordinación en Jalisco dentro del marco del Sistema Nacional.
",,,acerca-del-iieg
¿El IIEG sustituye al INEGI en el estado?,"No. El IIEG no sustituye al Instituto Nacional de Estadística y Geografía (INEGI) ni es una versión estatal de éste.
El INEGI es el organismo constitucional autónomo responsable de producir y coordinar la información estadística y geográfica oficial a nivel nacional, incluyendo la información correspondiente al estado de Jalisco.
El IIEG, por su parte, es un organismo público descentralizado del Gobierno del Estado que coordina el Sistema Estatal de Información Estadística y Geográfica, integra y articula información proveniente de diversas fuentes —federales, estatales y municipales— y la transforma en insumos estratégicos para la planeación y toma de decisiones en el ámbito estatal.
En términos generales, el INEGI es principalmente productor nacional de información oficial; el IIEG es instancia estatal de coordinación, integración y aprovechamiento estratégico de información
",,,acerca-del-iieg
¿Por qué es importante el IIEG para el estado?,"Porque permite contar con información oficial confiable y comparable, indispensable para la planeación, evaluación de políticas públicas, transparencia y rendición de cuentas.",,,acerca-del-iieg
¿Por qué se actualizó el sitio web del IIEG?,"Para mejorar la usabilidad, accesibilidad y consulta de información estadística y geográfica del estado de Jalisco, con herramientas y contenidos más intuitivos.",,,acerca-del-iieg
¿Qué hago si no encuentro alguna sección o contenido que estaba en el sitio anterior?,"Usa el buscador del sitio o el Mapa del sitio. Si aún así no encuentras lo que necesitas, puedes enviarnos tu consulta a contacto@iieg.gob.mx.",,,acerca-del-iieg
¿Cambió la dirección del sitio web?,"Sí, el dominio principal ahora es iieg.jalisco.gob.mx para mejor organización, homologación y formar parte del ecosistema de portales del gobierno del estado de Jalisco.",,,acerca-del-iieg
"¿Cual es el medio de contacto para reportar dudas, errores o problemas técnicos en el nuevo sitio?",Escríbenos directamente a contacto@iieg.gob.mx.,,,acerca-del-iieg