titulo,slug,fecha,periocidad,mes,anyo,archivo,claves,tema_ids,tema_slugs,subtema_ids,subtema_slugs
"Inflación en Jalisco, Guadalajara y Tepatitlán en diciembre 2024",,2025-01-28,mensual,enero,2025,https://iieg.jalisco.gob.mx/acervo/portal/reportes/2025/02/informativa_Inflacion_jalisco_diciembre_2024.pdf,,,economia,,inflacion-y-precios
Estadísticas de la Comisión Estatal de Derechos Humanos Jalisco (CEDHJ) 2020-2024,,2025-01-29,anual,enero,2025,https://iieg.jalisco.gob.mx/acervo/portal/reportes/2025/02/informativa_quejas_CEDHJ_jalisco_diciembre_2024.pdf,,,gobierno-y-ciudadania,,derechos-humanos
Censo Nacional de Derechos Humanos Estatal 2024,,2025-01-30,anual,enero,2025,https://iieg.jalisco.gob.mx/acervo/portal/reportes/2025/01/censo_nacional_derechos_humanos_estatal_jalisco2024.pdf,,,gobierno-y-ciudadania,,derechos-humanos
Venta de vehículos híbridos y eléctricos en Jalisco en noviembre de 2024,,2025-01-03,mensual,enero,2025,https://iieg.jalisco.gob.mx/acervo/portal/reportes/2025/01/venta_vehiculos_hibridos_electricos_jalisco-noviembre2024.pdf,,,territorio,,movilidad-y-transporte
Población de Jalisco a inicios del año 2025,,2025-01-24,anual,enero,2025,https://iieg.jalisco.gob.mx/acervo/portal/reportes/2025/01/informativa_poblacion_jalisco_inicio_2025.pdf,,,demografia,,pobracion-y-estructura
Encuesta Nacional de seguridad Pública Urbana (ENSU) Principales resultados para Jalisco Diciembre 2024,,2025-01-23,anual,enero,2025,https://iieg.jalisco.gob.mx/acervo/portal/reportes/2025/01/Ensu_informativa_dic2024.html,,,seguridad,,victimizacion-y-percepcion
Victimización de mujeres Diciembre  2024,,2025-01-27,bimestral,enero,2025,https://iieg.jalisco.gob.mx/acervo/portal/reportes/2025/01/victimizacion_muejeres_diciembre2024.html,,,seguridad,,victimizacion-y-percepcion
"Se perdieron en Jalisco 27,812 empleos formales en diciembre de 2024",,2025-01-24,mensual,enero,2025,https://iieg.jalisco.gob.mx/acervo/portal/reportes/2025/01/informativa_empleo_IMSS_diciembre_2024.pdf,,,economia,,empleo-y-ocupacion
"Patrones registrados ante el IMSS, diciembre 2024",,2025-01-27,mensual,enero,2025,https://iieg.jalisco.gob.mx/acervo/portal/reportes/2025/01/informativa_patrones_IMSS_jalisco_diciembre2024.pdf,,,economia,,empleo-y-ocupacion
Sector 72: Servicios de alojamiento temporal y de preparación de alimentos y bebidas de Noviembre 2024,,2025-01-24,mensual,enero,2025,https://iieg.jalisco.gob.mx/acervo/portal/reportes/2025/01/informativa_sector_72_jalisco_noviembre_2024.pdf,,,economia,,actividad-economica-e-industria
comercio al por mayor y al por menor en Jalisco en noviembre de 2024,,2025-01-23,mensual,enero,2025,https://iieg.jalisco.gob.mx/acervo/portal/reportes/2025/01/informativa_EMEC_noviembre_2024_20250123.pdf,,,economia,,comercio
Precio promedio mensual de gasolina y diésel en diciembre de 2024,,2025-01-28,mensual,enero,2025,https://iieg.jalisco.gob.mx/acervo/portal/reportes/2025/01/informativa_precio_gasolina_diesel_diciembre_2024.pdf,,,economia,,inflacion-y-precios
incidencia-delictiva del fuero federal enero-diciembre 2025,,2025-01-27,semestral,enero,2025,https://iieg.jalisco.gob.mx/acervo/portal/reportes/2025/01/incicendia_delictiva_federal_julio_dic_2024.html,,,seguridad,,incidencia-delictiva
"Industria Manufacturera, Maquiladora y de Servicios de Exportación, IMMEX Noviembre 2024",,2025-01-28,mensual,enero,2025,https://iieg.jalisco.gob.mx/acervo/portal/reportes/2025/01/informativa_IMMEX_jalisco_noviembre_2024.pdf,,,economia,,actividad-economica-e-industria
Actividad industrial de Jalisco en septiembre de 2024,,2025-01-28,mensual,enero,2025,https://iieg.jalisco.gob.mx/acervo/portal/reportes/2025/01/informativa_actividad_industrial_jalisco_IMAIEF_septiembre-2024.pdf,,,economia,,actividad-economica-e-industria
Producción de la industria de la construcción en Jalisco de noviembre de 2024,,2025-01-28,mensual,enero,2025,https://iieg.jalisco.gob.mx/acervo/portal/reportes/2025/01/industria_construccion_jalisco_ENEC_noviembre_2024.pdf,,,economia,,actividad-economica-e-industria
Indicadores de la industria manufacturera de Jalisco en noviembre de 2024,,2025-01-28,mensual,enero,2025,https://iieg.jalisco.gob.mx/acervo/portal/reportes/2025/02/informativa-_EMIM_jalisco_noviembre_2024.pdf,,,economia,,actividad-economica-e-industria
El Producto Interno Bruto de Jalisco creció 2.06% en 2023 (preliminar),,2025-04-08,anual,enero,2025,https://iieg.jalisco.gob.mx/acervo/portal/reportes/2025/04/informativa_producto_interno_bruto_jalisco_2023.pdf,,,economia,,actividad-economica-e-industria
incidencia-delictiva en la región Lagunas de Jalisco Diciembre 2023 a noviembre 2024,,2025-02-12,anual,febrero,2025,https://iieg.jalisco.gob.mx/acervo/portal/reportes/2025/02/incidencia_delictiva_region_lagunas_enero2017_nov24.pdf,,,seguridad,,incidencia-delictiva
"Usuarios en el Sistema de Transporte Urbano de Pasajeros de Guadalajara, enero a diciembre 2024",,2025-02-17,semestral,febrero,2025,https://iieg.jalisco.gob.mx/acervo/portal/reportes/2025/02/usuarios_transporte_publico_guadalajara_diciembre2024.html,,,territorio,,movilidad-y-transporte
incidencia-delictiva en la región Norte de Jalisco Enero - diciembre 2024,,2025-02-18,semestral,febrero,2025,https://iieg.jalisco.gob.mx/acervo/portal/reportes/2025/02/incidencia_delictiva_region_norte_enero_diciembre_2024.pdf,,,seguridad,,incidencia-delictiva
Venta de vehículos híbridos y eléctricos en Jalisco en diciembre de 2024,,2025-02-05,mensual,febrero,2025,https://iieg.jalisco.gob.mx/acervo/portal/reportes/2025/02/informativa_venta_vehiculos_hi%CC%81bridos_electricos_jalisco_diciembre_2024.pdf,,,territorio,,movilidad-y-transporte
Indicador Trimestral de la Actividad Económica Estatal (ITAEE) en el tercer trimestre de 2024,,2025-02-04,trimestral,febrero,2025,https://iieg.jalisco.gob.mx/acervo/portal/reportes/2025/02/informativa_ITAEE_actividad_economica_jalisco_3T_2024.pdf,,,economia,,actividad-economica-e-industria
Tasa de desocupación en Jalisco en diciembre de 2024,,2025-02-20,mensual,febrero,2025,https://iieg.jalisco.gob.mx/acervo/portal/reportes/2025/02/tasa_desempleo_jalisco_diciembre_2024.pdf,,,economia,,empleo-y-ocupacion
Análisis de la situación conyugal de la población en Jalisco en 2024 y 2023,,2025-02-14,anual,febrero,2025,https://iieg.jalisco.gob.mx/acervo/portal/reportes/2025/02/analisis_situacio%CC%81n_conyugal_jalisco_2024_2023.pdf,,,demografia,,pobracion-y-estructura
"Sector 72: Servicios de alojamiento temporal y de preparación de alimentos y bebidas, diciembre 2024",,2025-02-26,mensual,febrero,2025,https://iieg.jalisco.gob.mx/acervo/portal/reportes/2025/02/informativa_sector_72_jalisco_diciembre_2024.pdf,,,economia,,actividad-economica-e-industria
Disponibilidad y uso de radio en Jalisco en 2023,,2025-02-28,anual,febrero,2025,https://iieg.jalisco.gob.mx/acervo/portal/reportes/2025/02/disponibilidad_uso_radio_jalisco_2023.pdf,,,economia,,actividad-economica-e-industria
"Industria Manufacturera, Maquiladora y de Servicios de Exportación, IMMEX diciembre 2024",,2025-02-27,mensual,febrero,2025,https://iieg.jalisco.gob.mx/acervo/portal/reportes/2025/03/informativa_IMMEX_diciembre_2024.pdf,,,economia,,actividad-economica-e-industria
Producción de la industria de la construcción en Jalisco de diciembre de 2024,,2025-02-27,mensual,febrero,2025,https://iieg.jalisco.gob.mx/acervo/portal/reportes/2025/03/informativa_industria_construccion-_ENEC_diciembre_2024.pdf,,,economia,,actividad-economica-e-industria
Actividad industrial de Jalisco en octubre de 2024,,2025-02-27,mensual,febrero,2025,https://iieg.jalisco.gob.mx/acervo/portal/reportes/2025/03/actividad_industrial_entidad_IMAIEF_jalisco_octubre_2024.pdf,,,economia,,actividad-economica-e-industria
comercio al por mayor y al por menor en Jalisco en diciembre de 2024,,2025-02-28,mensual,febrero,2025,https://iieg.jalisco.gob.mx/acervo/portal/reportes/2025/03/informativa_EMEC_jalisco_diciembre_2024.pdf,,,economia,,comercio
Indicadores de la industria manufacturera de Jalisco en diciembre de 2024,,2025-02-27,mensual,febrero,2025,https://iieg.jalisco.gob.mx/acervo/portal/reportes/2025/03/informativa_EMIM_jalisco_diciembre_2024.pdf,,,economia,,actividad-economica-e-industria
Precio promedio mensual de gasolina y diésel en enero de 2025,,2025-03-03,mensual,febrero,2025,https://iieg.jalisco.gob.mx/acervo/portal/reportes/2025/03/informativa_precio_gasolina_diesel_jalisco_enero_2025.pdf,,,economia,,inflacion-y-precios
"Inflación en Jalisco, Guadalajara y Tepatitlán en enero 2025",,2025-03-04,mensual,marzo,2025,https://iieg.jalisco.gob.mx/acervo/portal/reportes/2025/03/informativa_inflacion_jalisco_enero_2025.pdf,,,economia,,inflacion-y-precios
Índice de Precios de la vivienda del cuarto trimestre de 2024,,2025-03-05,trimestral,marzo,2025,https://iieg.jalisco.gob.mx/acervo/portal/reportes/2025/03/informativa_indice_precios_vivienda_4toT_jalisco_2024.pdf,,,desarrollo-social,,vivienda
remesas en Jalisco durante el cuarto trimestre de 2024,,2025-03-04,trimestral,marzo,2025,https://iieg.jalisco.gob.mx/acervo/portal/reportes/2025/03/informativa_remesas_jalisco_T4_2024.pdf,,,economia,,remesas
"Patrones registrados ante el IMSS, enero 2025",,2025-03-05,mensual,marzo,2025,https://iieg.jalisco.gob.mx/acervo/portal/reportes/2025/03/informativa_patrones_IMSS_jalisco_enero_2025.pdf,,,economia,,empleo-y-ocupacion
Pobreza laboral en Jalisco en el cuarto trimestre de 2024,,2025-03-05,trimestral,marzo,2025,https://iieg.jalisco.gob.mx/acervo/portal/reportes/2025/03/informativa_pobreza_laboral_4T_jalisco_2024.pdf,,,desarrollo-social,,pobreza-y-carencias
"Encuesta Nacional de Ocupación y Empleo en Jalisco, cuarto trimestre de 2024",,2025-03-07,trimestral,marzo,2025,https://iieg.jalisco.gob.mx/acervo/portal/reportes/2025/03/informativa_encuesta_nacional_ocupacion_empleo_jalisco_4T_2024.pdf,,,economia,,empleo-y-ocupacion
Empleos formales en Jalisco en enero de 2025,,2025-03-12,mensual,marzo,2025,https://iieg.jalisco.gob.mx/acervo/portal/reportes/2025/03/informativa_empleo_IMSS_jalisco_enero_2025.pdf,,,economia,,empleo-y-ocupacion
Venta de vehículos híbridos y eléctricos en Jalisco en febrero de 2025,,2025-03-10,mensual,marzo,2025,https://iieg.jalisco.gob.mx/acervo/portal/reportes/2025/03/venta_vehiculos_hibridos_electricos_jalisco_febrero_2025.pdf,,,territorio,,movilidad-y-transporte
incidencia-delictiva en la región Sierra de Amula de Jalisco Febrero 2024 a enero 2025,,2025-03-18,anual,marzo,2025,https://iieg.jalisco.gob.mx/acervo/portal/reportes/2025/03/incidencia_delictiva_sierra_amula_jalisco_ene_2025.pdf,,,seguridad,,incidencia-delictiva
incidencia-delictiva en la región Sur de Jalisco Marzo 2024 a febrero 2025,,2025-03-20,anual,marzo,2025,https://iieg.jalisco.gob.mx/acervo/portal/reportes/2025/03/incidencia_delictiva_sur_jalisco_feb_2025.pdf,,,seguridad,,incidencia-delictiva
"Industria Manufacturera, Maquiladora y de Servicios de Exportación, IMMEX enero 2025",,2025-03-24,mensual,marzo,2025,https://iieg.jalisco.gob.mx/acervo/portal/reportes/2025/03/informativa_IMMEX_jalisco_enero_2025.pdf,,,economia,,actividad-economica-e-industria
Precio promedio mensual de gasolina y diésel en febrero de 2025,,2025-03-24,mensual,marzo,2025,https://iieg.jalisco.gob.mx/acervo/portal/reportes/2025/03/precio_gasolina_diesel_febrero_2025.pdf,,,economia,,inflacion-y-precios
Actividad industrial de Jalisco en noviembre de 2024,,2025-03-24,mensual,marzo,2025,https://iieg.jalisco.gob.mx/acervo/portal/reportes/2025/03/Indicador_actividad_industrial_entidad_IMAIEF_nov_2024.pdf,,,economia,,actividad-economica-e-industria
Indicadores de la industria manufacturera de Jalisco en enero de 2025,,2025-03-24,mensual,marzo,2025,https://iieg.jalisco.gob.mx/acervo/portal/reportes/2025/03/industria_manufacturera_EMIM_enero_2025.pdf,,,economia,,actividad-economica-e-industria
"Inflación en Jalisco, Guadalajara y Tepatitlán en febrero 2025",,2025-03-24,mensual,marzo,2025,https://iieg.jalisco.gob.mx/acervo/portal/reportes/2025/03/Inflacion_jalisco_febrero_2025.pdf,,,economia,,inflacion-y-precios
comercio al por mayor y al por menor en Jalisco en enero de 2025,,2025-03-26,mensual,marzo,2025,https://iieg.jalisco.gob.mx/acervo/portal/reportes/2025/03/informativa_EMEC_jalisco_enero_2025.pdf,,,economia,,comercio
Sector 72: Servicios de alojamiento temporal y de preparación de alimentos y bebidas enero 2025,,2025-03-26,mensual,marzo,2025,https://iieg.jalisco.gob.mx/acervo/portal/reportes/2025/03/sector_72_jalisco_enero_2025.pdf,,,economia,,actividad-economica-e-industria
"Patrones registrados ante el IMSS en Jalisco, febrero 2025",,2025-03-25,mensual,marzo,2025,https://iieg.jalisco.gob.mx/acervo/portal/reportes/2025/04/informativa_patrones_IMSS_jalisco_febrero_2025.pdf,,,economia,,empleo-y-ocupacion
Mujeres en Jalisco en 2025,,2025-03-21,anual,marzo,2025,https://iieg.jalisco.gob.mx/acervo/portal/reportes/2025/03/ficha-_08_marzo_dia_internacional_mujer_2025_iieg.pdf,,,desarrollo-social,,Igualdad de género
enfermedades de la población de Jalisco en 2023,,2025-03-31,anual,marzo,2025,https://iieg.jalisco.gob.mx/acervo/portal/reportes/2025/03/enfermedades_poblacion_jalisco_iieg_2023.pdf,,,salud,,enfermedades
Producción de la industria de la construcción en Jalisco de enero de 2025,,2025-03-26,mensual,marzo,2025,https://iieg.jalisco.gob.mx/acervo/portal/reportes/2025/04/industria_construccion_ENEC_jalisco_enero_2025.pdf,,,economia,,actividad-economica-e-industria
Cifras de empleo formal en Jalisco en febrero de 2025 por sector de actividad económica y municipio,,2025-03-27,mensual,marzo,2025,https://iieg.jalisco.gob.mx/acervo/portal/reportes/2025/04/empleo_IMSS_sector_actividad_turismo_jalisco_febrero_2025.pdf,,,economia,,empleo-y-ocupacion
Inversión Extranjera Directa en Jalisco en el cuarto trimestre de 2024,,2025-03-28,trimestral,marzo,2025,https://iieg.jalisco.gob.mx/acervo/portal/reportes/2025/04/inversion_extranjera_directa_jalisco_4to_trimestre_2024.pdf,,,economia,,comercio exterior
Empleos formales en Jalisco en febrero de 2025,,2025-03-25,mensual,marzo,2025,https://iieg.jalisco.gob.mx/acervo/portal/reportes/2025/04/empleo_formal_IMSS_jalisco_febrero_2025.pdf,,,economia,,empleo-y-ocupacion
Exportaciones de Jalisco durante el cuarto trimestre de 2024,,2025-03-31,trimestral,marzo,2025,https://iieg.jalisco.gob.mx/acervo/portal/reportes/2025/04/exportaciones_jalisco_T4_2024.pdf,,,economia,,comercio exterior
Victimización de mujeres Febrero 2025,,2025-03-20,bimestral,marzo,2025,https://iieg.jalisco.gob.mx/acervo/portal/reportes/2025/03/victimizacion_mujeres__iieg_feb25.html,,,seguridad,,victimizacion-y-percepcion
"Patrones registrados ante el IMSS, marzo 2025",,2025-04-22,mensual,abril,2025,https://iieg.jalisco.gob.mx/acervo/portal/reportes/2025/05/patrones_IMSS_jalisco_marzo_2025.pdf,,,economia,,empleo-y-ocupacion
Cifras de empleo formal en Jalisco en marzo de 2025 por sector de actividad económica y municipio,,2025-04-21,mensual,abril,2025,https://iieg.jalisco.gob.mx/acervo/portal/reportes/2025/04/empleo_IMSS_sector_actividad_turismo_jalisco_marzo_2025.pdf,,,economia,,empleo-y-ocupacion
Empleos formales en Jalisco en marzo de 2025,,2025-04-22,mensual,abril,2025,https://iieg.jalisco.gob.mx/acervo/portal/reportes/2025/04/empleo_formal_IMSS_jalisco_marzo_2025.pdf,,,economia,,empleo-y-ocupacion
"Industria Manufacturera, Maquiladora y de Servicios de Exportación, IMMEX, marzo 2025",,2025-04-24,mensual,abril,2025,https://iieg.jalisco.gob.mx/acervo/portal/reportes/2025/04/IMMEX_jalisco_febrero_2025.pdf,,,economia,,actividad-economica-e-industria
Actividad industrial de Jalisco en diciembre de 2024,,2025-04-24,mensual,abril,2025,https://iieg.jalisco.gob.mx/acervo/portal/reportes/2025/04/IMAIEF_actividad_industrial_jalisco_diciembre_2024.pdf,,,economia,,actividad-economica-e-industria
Tasa de desocupación en Jalisco en marzo de 2025,,2025-04-28,mensual,abril,2025,https://iieg.jalisco.gob.mx/acervo/portal/reportes/2025/04/tasa_desempleo_jalisco_marzo_2025.pdf,,,economia,,empleo-y-ocupacion
Producción de la industria de la construcción en Jalisco de febrero de 2025,,2025-04-24,mensual,abril,2025,https://iieg.jalisco.gob.mx/acervo/portal/reportes/2025/04/industria_construccion_ENEC_jalisco_febrero_2025.pdf,,,economia,,actividad-economica-e-industria
comercio al por mayor y al por menor en Jalisco en febrero de 2025,,2025-04-24,mensual,abril,2025,https://iieg.jalisco.gob.mx/acervo/portal/reportes/2025/04/comercio_jalisco_EMEC_febrero_2025.pdf,,,economia,,comercio
Indicadores de la industria manufacturera de Jalisco en febrero de 2025,,2025-04-24,mensual,abril,2025,https://iieg.jalisco.gob.mx/acervo/portal/reportes/2025/04/industria_manufacturera_EMIM_jalisco_febrero_2025.pdf,,,economia,,actividad-economica-e-industria
Sector 72: Servicios de alojamiento temporal y de preparación de alimentos y bebidas febrero 2025,,2025-04-25,mensual,abril,2025,https://iieg.jalisco.gob.mx/acervo/portal/reportes/2025/04/sector_72_jalisco_febrero_2025.pdf,,,economia,,actividad-economica-e-industria
Venta de vehículos híbridos y eléctricos en Jalisco en marzo de 2025,,2025-04-22,mensual,abril,2025,https://iieg.jalisco.gob.mx/acervo/portal/reportes/2025/04/venta_vehiculos_hibridos_electricos_jalisco_marzo_2025.pdf,,,territorio,,movilidad-y-transporte
Indicador Trimestral de la Actividad Económica Estatal (ITAEE) en el cuarto trimestre de 2024,,2025-04-29,trimestral,abril,2025,https://iieg.jalisco.gob.mx/acervo/portal/reportes/2025/04/trimestral_actividad_economica_ITAEE_jalisco_4T_2024.pdf,,,economia,,actividad-economica-e-industria
"Inflación en Jalisco, Guadalajara y Tepatitlán en marzo 2025",,2025-04-23,mensual,abril,2025,https://iieg.jalisco.gob.mx/acervo/portal/reportes/2025/04/inflacion_guadalajara_tepatitlan_jalisco_marzo_2025.pdf,,,economia,,inflacion-y-precios
Encuesta Nacional de seguridad Pública Urbana (ENSU) Principales resultados para Jalisco Marzo 2025,,2025-04-30,trimestral,abril,2025,https://iieg.jalisco.gob.mx/acervo/portal/reportes/2025/04/ensu_jalisco_marzo_2025.html,,,seguridad,,victimizacion-y-percepcion
"Niñas, niños y adolescentes en Jalisco 2025-2030",,2025-04-30,anual,abril,2025,https://iieg.jalisco.gob.mx/acervo/portal/reportes/2025/05/nin%CC%83as_nin%CC%83o_adolecentes_jalisco_IV_2024.pdf,,,demografia,,grupos-de-edad
remesas en Jalisco durante el primer trimestre de 2025,,2025-05-06,trimestral,mayo,2025,https://iieg.jalisco.gob.mx/acervo/portal/reportes/2025/05/remesas_trimestrales_jalisco_1T_2025.pdf,,,economia,,remesas
Empleos formales en Jalisco en abril de 2025,,2025-05-07,mensual,mayo,2025,https://iieg.jalisco.gob.mx/acervo/portal/reportes/2025/05/empleo_formal_IMSS_jalisco_abril_2025.pdf,,,economia,,empleo-y-ocupacion
Cifras de empleo formal en Jalisco en abril de 2025 por sector de actividad económica y municipio,,2025-05-06,mensual,mayo,2025,https://iieg.jalisco.gob.mx/acervo/portal/reportes/2025/05/empleo_IMSS_jalisco_sector_actividad_turismo_abril_2025.pdf,,,economia,,empleo-y-ocupacion
Las madres de Jalisco en el cuarto trimestre de 2024,,2025-04-30,trimestral,mayo,2025,https://iieg.jalisco.gob.mx/acervo/portal/reportes/2025/05/madres_jalisco_cuarto_trimestre_2024.pdf,,,demografia,,fecundidad-y-natalidad
incidencia-delictiva en la región Sureste de Jalisco Abril 2024 a marzo 2025,,2025-05-06,anual,mayo,2025,https://iieg.jalisco.gob.mx/acervo/portal/reportes/2025/05/incidencia_delictiva_sureste_jaliso_abril_2024_marzo_2025.pdf,,,seguridad,,incidencia-delictiva
"Patrones registrados ante el IMSS, abril 2025",,2025-05-08,mensual,mayo,2025,https://iieg.jalisco.gob.mx/acervo/portal/reportes/2025/05/patrones_IMSS_jalisco_abril_2025.pdf,,,economia,,empleo-y-ocupacion
"Inflación en Jalisco, Guadalajara y Tepatitlán en abril 2025",,2025-05-08,mensual,mayo,2025,https://iieg.jalisco.gob.mx/acervo/portal/reportes/2025/05/inflacion_jalisco_gdl_tepatitlan_abril_2025.pdf,,,economia,,inflacion-y-precios
Venta de vehículos híbridos y eléctricos en Jalisco en abril de 2025,,2025-05-12,mensual,mayo,2025,https://iieg.jalisco.gob.mx/acervo/portal/reportes/2025/05/vehiculos_hibridos_electricos_jalisco_abril_2025.pdf,,,territorio,,movilidad-y-transporte
Actividad industrial de Jalisco en enero de 2025,,2025-05-12,mensual,mayo,2025,https://iieg.jalisco.gob.mx/acervo/portal/reportes/2025/05/indicador_actividad_industrial_entidad-_IMAIEF_enero_2025.pdf,,,economia,,actividad-economica-e-industria
Indicadores de la industria manufacturera de Jalisco en marzo de 2025,,2025-05-15,mensual,mayo,2025,https://iieg.jalisco.gob.mx/acervo/portal/reportes/2025/05/industria_manufacturera_EMIM_jalisco_marzo_2025.pdf,,,economia,,actividad-economica-e-industria
Índice de Precios de la vivienda del primer trimestre de 2025,,2025-05-12,trimestral,mayo,2025,https://iieg.jalisco.gob.mx/acervo/portal/reportes/2025/05/indice_precios_vivienda_zmg_jalisco_1T_2025.pdf,,,desarrollo-social,,vivienda
incidencia-delictiva en la región Valles de Jalisco Mayo 2024 a abril 2025,,2025-05-19,anual,mayo,2025,https://iieg.jalisco.gob.mx/acervo/portal/reportes/2025/05/incidencia_delicitiva_jalisco_region_valles_abril_2025.pdf,,,seguridad,,incidencia-delictiva
Victimización de mujeres abril 2025,,2025-05-21,"trimestral, bimestral",mayo,2025,https://iieg.jalisco.gob.mx/acervo/portal/reportes/2025/05/victimizacion_mujeres_iieg_abril_2025.html,,,seguridad,,victimizacion-y-percepcion
Principales causas de conflircto entre los ciudadanos del AMG marzo 2025,,2025-05-26,anual,mayo,2025,https://iieg.jalisco.gob.mx/acervo/portal/reportes/2025/05/causa_de_conflictos_amg_marzo_2025.html,,,gobierno-y-ciudadania,,derechos-ciudadanos
comercio al por mayor y al por menor en Jalisco en marzo de 2025,,2025-05-23,mensual,mayo,2025,https://iieg.jalisco.gob.mx/acervo/portal/reportes/2025/05/comercio_mayor_menor_EMEC_jalisco_marzo_2025.pdf,,,economia,,comercio
"Sector 72: Servicios de alojamiento temporal y de preparación de alimentos y bebidas, marzo 2025",,2025-05-23,mensual,mayo,2025,https://iieg.jalisco.gob.mx/acervo/portal/reportes/2025/05/sector_72_jalisco_marzo_2025.pdf,,,economia,,actividad-economica-e-industria
Producción de la industria de la construcción en Jalisco de marzo de 2025,,2025-05-26,mensual,mayo,2025,https://iieg.jalisco.gob.mx/acervo/portal/reportes/2025/05/industria_construccion_ENEC_jalisco_marzo_2025.pdf,,,economia,,actividad-economica-e-industria
"Industria Manufacturera, Maquiladora y de Servicios de Exportación, IMMEX, marzo 2025",,2025-05-26,mensual,mayo,2025,https://iieg.jalisco.gob.mx/acervo/portal/reportes/2025/05/industria_manufacturera_IMMEX_jalisco_marzo_2025.pdf,,,economia,,actividad-economica-e-industria
"Encuesta Nacional de Ocupación y Empleo en Jalisco, primer trimestre de 2025",,2025-05-27,trimestral,mayo,2025,https://iieg.jalisco.gob.mx/acervo/portal/reportes/2025/05/ocupacion_empleo_ENOE_jalisco_1T_2025.pdf,,,economia,,empleo-y-ocupacion
Estadística de museos en Jalisco en 2023,,2025-05-10,anual,mayo,2025,https://iieg.jalisco.gob.mx/acervo/portal/reportes/2025/06/estadisticas_museos_jalisco_2023.pdf,,,territorio,,espacios-publicos
Estadística de museos en Jalisco en 2024,,2025-05-16,anual,mayo,2025,https://iieg.jalisco.gob.mx/acervo/portal/reportes/2025/06/estadisticas_museos_jalisco_2024.pdf,,,territorio,,espacios-publicos
Tasa de desocupación en Jalisco en abril de 2025,,2025-06-02,mensual,junio,2025,https://iieg.jalisco.gob.mx/acervo/portal/reportes/2025/06/tasa_desocupacion_mensual_INEGI_jalisco_abril_2025.pdf,,,economia,,empleo-y-ocupacion
Precio promedio mensual de gasolina y diésel en abril de 2025,,2025-06-03,mensual,junio,2025,https://iieg.jalisco.gob.mx/acervo/portal/reportes/2025/06/precio_gasolina_diesel_jalisco_abril_2025.pdf,,,economia,,inflacion-y-precios
Empleos formales en Jalisco en mayo de 2025,,2025-06-11,mensual,junio,2025,https://iieg.jalisco.gob.mx/acervo/portal/reportes/2025/06/empleo_IMSS_jalisco_mayo_2025.pdf,,,economia,,empleo-y-ocupacion
"Patrones registrados ante el IMSS, mayo 2025",,2025-06-11,mensual,junio,2025,https://iieg.jalisco.gob.mx/acervo/portal/reportes/2025/06/patrones_IMSS_jalisco_mayo_2025.pdf,,,economia,,empleo-y-ocupacion
"Inflación en Jalisco, Guadalajara y Tepatitlán en mayo 2025",,2025-06-11,mensual,junio,2025,https://iieg.jalisco.gob.mx/acervo/portal/reportes/2025/06/inflacion_jalisco_gdl_tepatitlan_mayo_2025.pdf,,,economia,,inflacion-y-precios
Venta de vehículos híbridos y eléctricos en Jalisco en mayo de 2025,,2025-06-11,mensual,junio,2025,https://iieg.jalisco.gob.mx/acervo/portal/reportes/2025/06/vehiculos_hibridos_electricos_jalisco_mayo_2025.pdf,,,territorio,,movilidad-y-transporte
"Industria Manufacturera, Maquiladora y de Servicios de Exportación, IMMEX abril 2025",,2025-06-19,mensual,junio,2025,https://iieg.jalisco.gob.mx/acervo/portal/reportes/2025/06/industria_manufacturera_IMMEX_jalisco_abril_2025.pdf,,,economia,,actividad-economica-e-industria
Actividad industrial de Jalisco en febrero de 2025,,2025-06-19,mensual,junio,2025,https://iieg.jalisco.gob.mx/acervo/portal/reportes/2025/06/actividad_industrial_entidades_IMAIEF_febrero_2025.pdf,,,economia,,actividad-economica-e-industria
Inversión Extranjera Directa en Jalisco en el primer trimestre de 2025,,2025-06-16,trimestral,junio,2025,https://iieg.jalisco.gob.mx/acervo/portal/reportes/2025/06/inversion_extranjera_directa_jalisco_1t_2025.pdf,,,economia,,comercio exterior
incidencia-delictiva en la región Altos Norte de Jalisco Junio 2024 a mayo 2025,,2025-06-23,anual,junio,2025,https://iieg.jalisco.gob.mx/acervo/portal/reportes/2025/06/incidencia_delictiva_region_altos_norte_jalisco_mayo_2025.pdf,,,seguridad,,incidencia-delictiva
comercio al por mayor y al por menor en Jalisco en abril de 2025,,2025-06-23,mensual,junio,2025,https://iieg.jalisco.gob.mx/acervo/portal/reportes/2025/06/comercio_mayor_menor_EMEC_jalisco_abril_2025.pdf,,,economia,,comercio
"Sector 72: Servicios de alojamiento temporal y de preparación de alimentos y bebidas, abril 2025",,2025-06-25,mensual,junio,2025,https://iieg.jalisco.gob.mx/acervo/portal/reportes/2025/06/alojamiento_alimentos_bebidas_sector72_jalisco_abril_2025.pdf,,,economia,,actividad-economica-e-industria
Producción de la industria de la construcción en Jalisco de abril de 2025,,2025-06-25,mensual,junio,2025,https://iieg.jalisco.gob.mx/acervo/portal/reportes/2025/07/industria_construccion_ENEC_abril_2025.pdf,,,economia,,actividad-economica-e-industria
Tasa de desocupación en Jalisco en mayo de 2025,,2025-06-27,mensual,junio,2025,https://iieg.jalisco.gob.mx/acervo/portal/reportes/2025/07/tasa_desocupacion_mensual_jalisco_mayo_2025.pdf,,,economia,,empleo-y-ocupacion
Exportaciones de Jalisco durante el primer trimestre de 2025,,2025-06-30,trimestral,junio,2025,https://iieg.jalisco.gob.mx/acervo/portal/reportes/2025/07/exportaciones_jalisco_T1_2025.pdf,,,economia,,comercio exterior
Principales Resultados de la ENDUTIH 2024 en Jalisco,,2025-06-27,anual,junio,2025,https://iieg.jalisco.gob.mx/acervo/portal/reportes/2025/07/principales-_resutlados_ENDUTIH_jalisco_2024.pdf,,,economia,,actividad-economica-e-industria
Indicadores de la industria manufacturera de Jalisco en abril de 2025,,2025-06-30,mensual,junio,2025,https://iieg.jalisco.gob.mx/acervo/portal/reportes/2025/07/industria_manufacturera_EMIM_jalisco_abril_2025.pdf,,,economia,,actividad-economica-e-industria
"Inflación en Jalisco, Guadalajara y Tepatitlán en junio 2025",,2025-07-09,mensual,julio,2025,https://iieg.jalisco.gob.mx/acervo/portal/reportes/2025/07/inflacion_jalisco_gdl_tepatitlan_junio_2025.pdf,,,economia,,inflacion-y-precios
Empleos formales en Jalisco en junio de 2025,,2025-07-07,mensual,julio,2025,https://iieg.jalisco.gob.mx/acervo/portal/reportes/2025/07/empleo_formal_IMSS_jalisco_junio_2025.pdf,,,economia,,empleo-y-ocupacion
"Patrones registrados ante el IMSS, junio 2025",,2025-07-07,mensual,julio,2025,https://iieg.jalisco.gob.mx/acervo/portal/reportes/2025/07/patrones_registrados_IMSS_jalisco_junio_2025.pdf,,,economia,,empleo-y-ocupacion
Venta de vehículos híbridos y eléctricos en Jalisco en junio de 2025,,2025-07-07,mensual,julio,2025,https://iieg.jalisco.gob.mx/acervo/portal/reportes/2025/07/vehiculos_hibridos_electricos_jalisco_junio_2025.pdf,,,territorio,,movilidad-y-transporte
Uso del medio de transporte MiBici  de enero a junio de 2025,,2025-07-15,mensual,julio,2025,https://iieg.jalisco.gob.mx/acervo/portal/reportes/2025/07/mibici_jalisco_enero_junio_2025.html,,,territorio,,movilidad-y-transporte
Censo Nacional de Sistemas Penitenciarios Estatales Jalisco 2025,,2025-07-17,anual,julio,2025,https://iieg.jalisco.gob.mx/acervo/portal/reportes/2025/07/censo_nacional_sistemas_penitenciarios_estatales_2025.html,,,seguridad,,Reinserción social
Cifras de empleo formal en Jalisco en junio de 2025 por sector de actividad económica y municipio,,2025-07-09,mensual,julio,2025,https://iieg.jalisco.gob.mx/acervo/portal/reportes/2025/07/empleo_IMSS_sector_actividad_turismo_jalisco_junio_2025.pdf,,,economia,,empleo-y-ocupacion
Indicadores de la industria manufacturera de Jalisco en mayo de 2025,,2025-07-17,mensual,julio,2025,https://iieg.jalisco.gob.mx/acervo/portal/reportes/2025/07/industria_manufacturera_EMIM_jalisco_mayo_2025.pdf,,,economia,,actividad-economica-e-industria
Actividad industrial de Jalisco en marzo de 2025,,2025-07-17,mensual,julio,2025,https://iieg.jalisco.gob.mx/acervo/portal/reportes/2025/07/actividad_industrial_entidad_IMAIEF_jalisco_marzo_2025.pdf,,,economia,,actividad-economica-e-industria
comercio al por mayor y al por menor en Jalisco en mayo de 2025,,2025-07-22,mensual,julio,2025,https://iieg.jalisco.gob.mx/acervo/portal/reportes/2025/07/comercio_mayor_menor_jalisco_EMEC_mayo.pdf,,,economia,,comercio
"Sector 72: Servicios de alojamiento temporal y de preparación de alimentos y bebidas, mayo 2025",,2025-07-22,mensual,julio,2025,https://iieg.jalisco.gob.mx/acervo/portal/reportes/2025/07/sector_72_alojamiento_alimentos_bebidas_jalisco_mayo_2025.pdf,,,economia,,actividad-economica-e-industria
incidencia-delictiva del fuero federal enero junio 2025,,2025-07-22,mensual,julio,2025,https://iieg.jalisco.gob.mx/acervo/portal/reportes/2025/07/incidencia_delictiva_fuero_federal_enero_junio_2025.html,,,seguridad,,incidencia-delictiva
Encuesta Nacional de seguridad Publica urbana (ENSU) Principales resultados para Jalisco junio 2025,,2025-07-24,trimestral,julio,2025,https://iieg.jalisco.gob.mx/acervo/portal/reportes/2025/07/encuesta_nacional_seguridad_urbana_ENSU_junio_2025.html,,,seguridad,,victimizacion-y-percepcion
Victimización de mujeres junio 2025,,2025-07-24,bimestral,julio,2025,https://iieg.jalisco.gob.mx/acervo/portal/reportes/2025/07/victimizacion_mujeres_jalisco_junio_2025.html,,,seguridad,,victimizacion-y-percepcion
Producción de la industria de la construcción en Jalisco de mayo de 2025,,2025-07-24,mensual,julio,2025,https://iieg.jalisco.gob.mx/acervo/portal/reportes/2025/07/industria_construccion_ENEC_jalisco_mayo_2025.pdf,,,economia,,actividad-economica-e-industria
"Industria Manufacturera, Maquiladora y de Servicios de Exportación, IMMEX, mayo 2025",,2025-07-24,mensual,julio,2025,https://iieg.jalisco.gob.mx/acervo/portal/reportes/2025/07/industria_manufacturera_maquiladora_exportacion_IMMEX_jalisco_mayo-2025.pdf,,,economia,,actividad-economica-e-industria
"Estadísticas de la Comisión Estatal de Derechos Humanos Jalisco, acumulado primer semestre de 2025",,2025-08-04,semestral,agosto,2025,https://iieg.jalisco.gob.mx/acervo/portal/reportes/2025/08/quejas_recibidas_CEDHJ_1er_semestre_2025.pdf,,,gobierno-y-ciudadania,,derechos-humanos
Indicador Trimestral de la Actividad Económica Estatal (ITAEE) en el primer trimestre de 2025,,2025-08-29,trimestral,agosto,2025,https://iieg.jalisco.gob.mx/acervo/portal/reportes/2025/08/trimestral_actividad_economica_estatal_ITAEE_1t_2025.pdf,,,economia,,actividad-economica-e-industria
Tasa de desocupación en Jalisco en junio de 2025,,2025-08-28,mensual,agosto,2025,https://iieg.jalisco.gob.mx/acervo/portal/reportes/2025/08/tasa_desocupacion_jalisco_junio_2025.pdf,,,economia,,empleo-y-ocupacion
Cifras definitivas del PIB estatal 2023,,2025-08-22,anual,agosto,2025,https://iieg.jalisco.gob.mx/acervo/portal/reportes/2025/08/PIB_estatal_jalisco_2023.pdf,,,economia,,actividad-economica-e-industria
remesas en Jalisco durante el segundo trimestre de 2025,,2025-08-04,trimestral,agosto,2025,https://iieg.jalisco.gob.mx/acervo/portal/reportes/2025/08/remesas_trimestrales_jalisco_2T_2025.pdf,,,economia,,remesas
incidencia-delictiva en la región Altos Sur de Jalisco Julio 2024 a junio 2025,,2025-08-07,anual,agosto,2025,https://iieg.jalisco.gob.mx/acervo/portal/reportes/2025/08/incidencia_delictiva_region_jalisco_altos_sur_junio_2025.pdf,,,seguridad,,incidencia-delictiva
Accidentes de tránsito terrestre en Jalisco 2010-2024,,2025-08-12,anual,agosto,2025,https://iieg.jalisco.gob.mx/acervo/portal/reportes/2025/08/accidentes_transito_terrestre_jalisco_2010_2024.pdf,,,territorio,,movilidad-y-transporte
"Inflación en Jalisco, Guadalajara y Tepatitlán en julio 2025",,2025-08-07,mensual,agosto,2025,https://iieg.jalisco.gob.mx/acervo/portal/reportes/2025/08/inflacion_jalisco_guadalajara_tepatitlan_julio_2025.pdf,,,economia,,inflacion-y-precios
Empleos formales en Jalisco en julio de 2025,,2025-08-07,mensual,agosto,2025,https://iieg.jalisco.gob.mx/acervo/portal/reportes/2025/08/empleos_formales_IMSS_julio_2025.pdf,,,economia,,empleo-y-ocupacion
Cifras de empleo formal en Jalisco en julio de 2025 por sector de actividad económica y municipio,,2025-08-07,mensual,agosto,2025,https://iieg.jalisco.gob.mx/acervo/portal/reportes/2025/08/empleo_IMSS_actividad_sector_edad_municipio_julio_2025.pdf,,,economia,,empleo-y-ocupacion
"Patrones registrados ante el IMSS, julio 2025",,2025-08-07,mensual,agosto,2025,https://iieg.jalisco.gob.mx/acervo/portal/reportes/2025/08/patrones_registrados_IMSS_julio_2025.pdf,,,economia,,empleo-y-ocupacion
Venta de vehículos híbridos y eléctricos en Jalisco en julio de 2025,,2025-08-08,mensual,agosto,2025,https://iieg.jalisco.gob.mx/acervo/portal/reportes/2025/08/vehiculos_hibridos_electricos_jalisco_julio_2025.pdf,,,territorio,,movilidad-y-transporte
Índice de Precios de la vivienda del segundo trimestre de 2025,,2025-08-18,trimestral,agosto,2025,https://iieg.jalisco.gob.mx/acervo/portal/reportes/2025/08/indice_precios_vivienda_zmg_jalisco_2T_2025.pdf,,,desarrollo-social,,vivienda
Indicadores de la industria manufacturera de Jalisco en junio de 2025,,2025-08-18,mensual,agosto,2025,https://iieg.jalisco.gob.mx/acervo/portal/reportes/2025/08/industria_manufacturera_jalisco_emim_junio_2025.pdf,,,economia,,actividad-economica-e-industria
Actividad industrial de Jalisco en abril de 2025,,2025-08-18,mensual,agosto,2025,https://iieg.jalisco.gob.mx/acervo/portal/reportes/2025/08/actividad_industrial_imaief_jalisco_abril_2025.pdf,,,economia,,actividad-economica-e-industria
"Industria Manufacturera, Maquiladora y de Servicios de Exportación, IMMEX, junio 2025",,2025-08-21,mensual,agosto,2025,https://iieg.jalisco.gob.mx/acervo/portal/reportes/2025/08/industria_manufacturera_immex_jalisco_junio_2025.pdf,,,economia,,actividad-economica-e-industria
"Sector 72: Servicios de alojamiento temporal y de preparación de alimentos y bebidas, junio 2025",,2025-08-21,mensual,agosto,2025,https://iieg.jalisco.gob.mx/acervo/portal/reportes/2025/08/sector72_alojamiento_alimentos_bebidas_jalisco_junio_2025.pdf,,,economia,,actividad-economica-e-industria
Usuarios en el sistema de Transporte Urbano de Pasajero de Guadalajara enero junio 2025,,2025-08-19,semestral,agosto,2025,https://iieg.jalisco.gob.mx/acervo/portal/reportes/2025/08/usuarios_transporte_urbano_guadalajara_enero_junio_2025.html,,,territorio,,movilidad-y-transporte
"Encuesta Nacional de Ocupación y Empleo en Jalisco, segundo trimestre de 2025",,2025-08-27,trimestral,agosto,2025,https://iieg.jalisco.gob.mx/acervo/portal/reportes/2025/08/encuesta_nacional_ocupacion_empleo_ENOE_jalisco_2T_2025.pdf,,,economia,,empleo-y-ocupacion
Tasa de desocupación en Jalisco en julio de 2025,,2025-08-28,mensual,agosto,2025,https://iieg.jalisco.gob.mx/acervo/portal/reportes/2025/08/desocupacion_jalisco_julio_2025.pdf,,,economia,,empleo-y-ocupacion
Producción de la industria de la construcción en Jalisco de junio de 2025,,2025-08-25,mensual,agosto,2025,https://iieg.jalisco.gob.mx/acervo/portal/reportes/2025/08/industria_construccion_jalisco_enec_junio_2025.pdf,,,economia,,actividad-economica-e-industria
comercio al por mayor y al por menor en Jalisco en junio de 2025,,2025-08-25,mensual,agosto,2025,https://iieg.jalisco.gob.mx/acervo/portal/reportes/2025/08/comercio_mayor_menor_jalisco_EMEC_junio_2025.pdf,,,economia,,comercio
Crecimiento del parque vehicular en Jalisco y AMG 2024,,2025-09-01,anual,septiembre,2025,https://iieg.jalisco.gob.mx/acervo/portal/reportes/2025/09/crecimiento_parque_vehicular_jalisco_amg_2024.pdf,,,territorio,,movilidad-y-transporte
Inversión Extranjera Directa en Jalisco al segundo trimestre de 2025,,2025-09-03,trimestral,septiembre,2025,https://iieg.jalisco.gob.mx/acervo/portal/reportes/2025/09/inversion_extranjera_directa_jalisco_2T_2025.pdf,,,economia,,comercio exterior
Empleos formales en Jalisco en agosto de 2025,,2025-09-10,mensual,septiembre,2025,https://iieg.jalisco.gob.mx/acervo/portal/reportes/2025/09/empleo_formal_jalisco_imss_agosto_2025.pdf,,,economia,,empleo-y-ocupacion
"Inflación en Jalisco, Guadalajara y Tepatitlán en agosto 2025",,2025-09-11,mensual,septiembre,2025,https://iieg.jalisco.gob.mx/acervo/portal/reportes/2025/09/inflacion_jalisco_guadalajara_tepatitlan_agosto_2025.pdf,,,economia,,inflacion-y-precios
Cifras de empleo formal en Jalisco en agosto de 2025 por sector de actividad económica y municipio,,2025-09-11,mensual,septiembre,2025,https://iieg.jalisco.gob.mx/acervo/portal/reportes/2025/09/empleo_forma_actividad_municipio_IMSS_jalisco_agosto_2025.pdf,,,economia,,empleo-y-ocupacion
Venta de vehículos híbridos y eléctricos en Jalisco en agosto de 2025,,2025-09-10,mensual,septiembre,2025,https://iieg.jalisco.gob.mx/acervo/portal/reportes/2025/09/vehiculos_hibridos_electricos_jalisco_agosto_2025.pdf,,,territorio,,movilidad-y-transporte
"Patrones registrados ante el IMSS, agosto 2025",,2025-09-12,mensual,septiembre,2025,https://iieg.jalisco.gob.mx/acervo/portal/reportes/2025/09/patrones_IMSS_jalisco_agosto_2025.pdf,,,economia,,empleo-y-ocupacion
Actividad industrial de Jalisco en mayo de 2025,,2025-09-10,mensual,septiembre,2025,https://iieg.jalisco.gob.mx/acervo/portal/reportes/2025/09/actividad_industrial_IMAIEF_jalisco_mayo_2025.pdf,,,economia,,actividad-economica-e-industria
"Encuesta Nacional de victimizacion-y-percepcion sobre seguridad Pública (ENVIPE) Victimización Jalisco, 2025",,2025-09-22,anual,septiembre,2025,https://iieg.jalisco.gob.mx/acervo/portal/reportes/2025/09/encuesta_nacional_victimizacion_percepcion_seguridad_ENVIPE_jalisco_2025.pdf,,,seguridad,,victimizacion-y-percepcion
Percepción ciudadana de corrupción y desempeño de las autoridades de seguridad pública y justicia de Jalisco 2025,,2025-09-23,anual,septiembre,2025,https://iieg.jalisco.gob.mx/acervo/portal/reportes/2025/09/percepcion_ciudadana_corrupcion_desempeno_seguridad_justicia_ENVIPE_jalisco_2025.html,,,seguridad,,victimizacion-y-percepcion
Indicadores de la industria manufacturera de Jalisco en julio de 2025,,2025-09-18,mensual,septiembre,2025,https://iieg.jalisco.gob.mx/acervo/portal/reportes/2025/09/industria_manufacturera_emim_jalisco_julio_2025.pdf,,,economia,,actividad-economica-e-industria
Victimización de mujeres agosto 2025,,2025-09-24,bimestral,septiembre,2025,https://iieg.jalisco.gob.mx/acervo/portal/reportes/2025/09/victimizacion_mujeres_jalisco_agosto_2025.html,,,seguridad,,victimizacion-y-percepcion
"Industria Manufacturera, Maquiladora y de Servicios de Exportación, IMMEX, julio 2025",,2025-09-22,mensual,septiembre,2025,https://iieg.jalisco.gob.mx/acervo/portal/reportes/2025/09/industria_manufacturera_maquiladora_exportacion_immex_jalisco_julio2025.pdf,,,economia,,actividad-economica-e-industria
comercio al por mayor y al por menor en Jalisco en julio de 2025,,2025-09-20,mensual,septiembre,2025,https://iieg.jalisco.gob.mx/acervo/portal/reportes/2025/09/comercio_mayoreo_menor_EMEC_jalisco_julio2025.pdf,,,economia,,comercio
"Sector 72: Servicios de alojamiento temporal y de preparación de alimentos y bebidas, julio 2025",,2025-09-24,mensual,septiembre,2025,https://iieg.jalisco.gob.mx/acervo/portal/reportes/2025/09/sector_72_alojamiento_jalisco_julio2025.pdf,,,economia,,actividad-economica-e-industria
Exportaciones de Jalisco durante el segundo trimestre de 2025,,2025-09-30,trimestral,septiembre,2025,https://iieg.jalisco.gob.mx/acervo/portal/reportes/2025/10/exportaciones_jalisco_2T_2025.pdf,,,economia,,comercio exterior
Tasa de desocupación en Jalisco en agosto de 2025,,2025-09-30,mensual,septiembre,2025,https://iieg.jalisco.gob.mx/acervo/portal/reportes/2025/10/tasa_desocupacion_jalisco_agosto_2025.pdf,,,economia,,empleo-y-ocupacion
Producción de la industria de la construcción en Jalisco de julio de 2025,,2025-09-24,mensual,septiembre,2025,https://iieg.jalisco.gob.mx/acervo/portal/reportes/2025/10/industria_construccion_jalisco_julio_2025.pdf,,,economia,,actividad-economica-e-industria
Empleos formales en Jalisco en septiembre de 2025,,2025-10-09,mensual,octubre,2025,https://iieg.jalisco.gob.mx/acervo/portal/reportes/2025/10/empleos_formales_jalisco_septiembre_2025.pdf,,,economia,,empleo-y-ocupacion
"Inflación en Jalisco, Guadalajara y Tepatitlán en septiembre 2025",,2025-10-09,mensual,octubre,2025,https://iieg.jalisco.gob.mx/acervo/portal/reportes/2025/10/inflacion_jalisco_gdl_tepatitlan_septiembre_2025.pdf,,,economia,,inflacion-y-precios
"Patrones registrados ante el IMSS, septiembre 2025",,2025-10-09,mensual,octubre,2025,https://iieg.jalisco.gob.mx/acervo/portal/reportes/2025/10/patrones_registrados_IMSS_jalisco_septiembre_2025.pdf,,,economia,,empleo-y-ocupacion
Venta de vehículos híbridos y eléctricos en Jalisco en septiembre de 2025,,2025-10-09,mensual,octubre,2025,https://iieg.jalisco.gob.mx/acervo/portal/reportes/2025/10/venta_vehiculos_hibridos_electricos_jalisco_septiembre_2025.pdf,,,territorio,,movilidad-y-transporte
Actividad industrial de Jalisco en junio de 2025,,2025-10-09,mensual,octubre,2025,https://iieg.jalisco.gob.mx/acervo/portal/reportes/2025/10/actividad_industrial_jalisco_imaief_junio_2025.pdf,,,economia,,actividad-economica-e-industria
Cifras de empleo formal en Jalisco en septiembre de 2025 por sector de actividad económica y municipio,,2025-10-10,mensual,octubre,2025,https://iieg.jalisco.gob.mx/acervo/portal/reportes/2025/10/empleo_formal_IMSS_sector_actividad_economica_municipio_septiembre_2025.pdf,,,economia,,empleo-y-ocupacion
Principales Resultados del Módulo de Ciberacoso en Jalisco (MOCIBA) 2024,,2025-10-23,anual,octubre,2025,https://iieg.jalisco.gob.mx/acervo/portal/reportes/2025/10/resultados_MOCIBA_ciberacoso_jalisco_2024.pdf,,,seguridad,,victimizacion-y-percepcion
incidencia-delictiva en la región Costa Sur de Jalisco Octubre 2024 a septiembre 2025,,2025-10-22,anual,octubre,2025,https://iieg.jalisco.gob.mx/acervo/portal/reportes/2025/10/Iincidencia_delictiva_region_costa_sur_jalisco_sep2025.pdf,,,seguridad,,incidencia-delictiva
"Industria Manufacturera, Maquiladora y de Servicios de Exportación, IMMEX, agosto 2025",,2025-10-22,mensual,octubre,2025,https://iieg.jalisco.gob.mx/acervo/portal/reportes/2025/10/industria_manufacturera_maquiladora_exportacion_immex_jalisco_agosto_2025.pdf,,,economia,,actividad-economica-e-industria
"Sector 72: Servicios de alojamiento temporal y de preparación de alimentos y bebidas, agosto 2025",,2025-10-23,mensual,octubre,2025,https://iieg.jalisco.gob.mx/acervo/portal/reportes/2025/10/sector72_alojamiento_alimentos_bebidas_jalisco_agosto_2025.pdf,,,economia,,actividad-economica-e-industria
Indicadores de la industria manufacturera de Jalisco en agosto de 2025,,2025-10-23,mensual,octubre,2025,https://iieg.jalisco.gob.mx/acervo/portal/reportes/2025/10/indicadores_industria_manufacturera_jalisco_emim_agosto_2025.pdf,,,economia,,actividad-economica-e-industria
comercio al por mayor y al por menor en Jalisco en agosto de 2025,,2025-10-23,mensual,octubre,2025,https://iieg.jalisco.gob.mx/acervo/portal/reportes/2025/10/comercio_mayor_menor_jalisco_EMEC_agosto_2025.pdf,,,economia,,comercio
Encuesta Nacional de seguridad Publica urbana (ENSU) Principales resultados para Jalisco septiembre 2025,,2025-10-23,mensual,octubre,2025,https://iieg.jalisco.gob.mx/acervo/portal/reportes/2025/10/ENSU_encuesta_nacional_seguridad_resultados_jalisco_sep2025.html,,,seguridad,,victimizacion-y-percepcion
Alfabetización en Jalisco 2025,,2025-10-24,anual,octubre,2025,https://iieg.jalisco.gob.mx/acervo/portal/reportes/2025/10/alfabetizacion_jalisco_2025.pdf,,,Educación,,alfabetizacion-y-rezago
Población joven en Jalisco en 2025,,2025-10-16,anual,octubre,2025,https://iieg.jalisco.gob.mx/acervo/portal/reportes/2025/10/poblacion_joven_jalisco_2025.pdf,,,demografia,,grupos-de-edad
Tasa de desocupación en Jalisco en septiembre de 2025,,2025-10-28,mensual,octubre,2025,https://iieg.jalisco.gob.mx/acervo/portal/reportes/2025/10/tasa_desocupacion_jalisco_septiembre_2025.pdf,,,economia,,empleo-y-ocupacion
Las personas adultas mayores en Jalisco 2025,,2025-10-10,anual,octubre,2025,https://iieg.jalisco.gob.mx/acervo/portal/reportes/2025/10/adultos_mayores_jalisco_2025.pdf,,,demografia,,grupos-de-edad
Indicador Trimestral de la Actividad Económica Estatal (ITAEE) en el segundo trimestre de 2025,,2025-10-29,trimestral,octubre,2025,https://iieg.jalisco.gob.mx/acervo/portal/reportes/2025/10/actividad_economica_ITAEE_jalisco_2do_trimestre_2025.pdf,,,economia,,actividad-economica-e-industria
Producción de la industria de la construcción en Jalisco de agosto de 2025,,2025-10-24,mensual,octubre,2025,https://iieg.jalisco.gob.mx/acervo/portal/reportes/2025/10/industria_construccion_ENEC_jalisco_agosto_2025.pdf,,,economia,,actividad-economica-e-industria
Censo Nacional de Impartición de Justicia Estatal Principales resultados de Jalisco 2025,,2025-11-10,anual,noviembre,2025,https://iieg.jalisco.gob.mx/acervo/portal/reportes/2025/11/censo_nacional_imparticion_justicia_estatal_jalisco_2025.pdf,,,seguridad,,acceso-a-la-justicia
Los suicidios en Jalisco 2024 (cifras definitivas),,2025-11-12,anual,noviembre,2025,https://iieg.jalisco.gob.mx/acervo/portal/reportes/2025/11/suicidios_jalisco_2024.pdf,,,salud,,mortalidad-por-causa
Venta de vehículos híbridos y eléctricos en Jalisco en octubre de 2025,,2025-11-10,mensual,noviembre,2025,https://iieg.jalisco.gob.mx/acervo/portal/reportes/2025/11/venta_vehiculos_hibridos_electricos_jalisco_octubre_2025.pdf,,,territorio,,movilidad-y-transporte
Actividad industrial de Jalisco en julio de 2025,,2025-11-10,mensual,noviembre,2025,https://iieg.jalisco.gob.mx/acervo/portal/reportes/2025/11/actividad_industrial_imaief_julio_2025.pdf,,,economia,,actividad-economica-e-industria
remesas en Jalisco durante el tercer trimestre de 2025,,2025-11-05,trimestral,noviembre,2025,https://iieg.jalisco.gob.mx/acervo/portal/reportes/2025/11/remesas_jalisco_3T_2025.pdf,,,economia,,remesas
Inflación en octubre 2025,,2025-11-13,mensual,noviembre,2025,https://iieg.jalisco.gob.mx/acervo/portal/reportes/2025/11/inflacion_jalisco_guadalajara_tepatitlan_octubre_2025.pdf,,,economia,,inflacion-y-precios
Índice de Precios de la vivienda del tercer trimestre de 2025,,2025-11-13,trimestral,noviembre,2025,https://iieg.jalisco.gob.mx/acervo/portal/reportes/2025/11/indice_precios_vivienda_ZMG_3T_2025.pdf,,,desarrollo-social,,vivienda
Trabajadores asegurados en el IMSS en Jalisco al cierre de octubre de 2025,,2025-11-10,mensual,noviembre,2025,https://iieg.jalisco.gob.mx/acervo/portal/reportes/2025/11/trabajadores_asegurados_IMSS_jalisco_octubre_2025.pdf,,,economia,,empleo-y-ocupacion
"Patrones registrados ante el IMSS, octubre 2025",,2025-11-13,mensual,noviembre,2025,https://iieg.jalisco.gob.mx/acervo/portal/reportes/2025/11/patrones_registrados_IMSS_jalisco_octubre_2025.pdf,,,economia,,empleo-y-ocupacion
Cifras de empleo formal en Jalisco en octubre de 2025 por sector de actividad económica y municipio,,2025-11-13,mensual,noviembre,2025,https://iieg.jalisco.gob.mx/acervo/portal/reportes/2025/11/empleo_formal_IMSS_sector_actividad_turismo_jalisco_octubre2025.pdf,,,economia,,empleo-y-ocupacion
Victimización de mujeres octubre 2025,,2025-11-25,mensual,noviembre,2025,https://iieg.jalisco.gob.mx/acervo/portal/reportes/2025/11/victimizacion_mujeres_oct25.html,,,seguridad,,victimizacion-y-percepcion
Indicadores de la industria manufacturera de Jalisco en septiembre de 2025,,2025-11-18,mensual,noviembre,2025,https://iieg.jalisco.gob.mx/acervo/portal/reportes/2025/12/encuesta_mensual_manufacturera_emim_jalisco_sep2025.pdf,,,economia,,actividad-economica-e-industria
"Industria Manufacturera, Maquiladora y de Servicios de Exportación, IMMEX, septiembre 2025",,2025-12-01,mensual,diciembre,2025,https://iieg.jalisco.gob.mx/acervo/portal/reportes/2025/12/industria_manufacturera_maquila_exportacion_immex_jalisco_sep2025.pdf,,,economia,,actividad-economica-e-industria
Inversión Extranjera Directa en Jalisco al tercer trimestre de 2025,,2025-12-01,trimestral,diciembre,2025,https://iieg.jalisco.gob.mx/acervo/portal/reportes/2025/12/inversion_extranjera_jalisco_3T_2025.pdf,,,economia,,comercio exterior
Producción de la industria de la construcción en Jalisco de septiembre de 2025,,2025-12-01,mensual,diciembre,2025,https://iieg.jalisco.gob.mx/acervo/portal/reportes/2025/12/industria_construccion_enec_jalisco_septiembre_2025.pdf,,,economia,,actividad-economica-e-industria
"Sector 72: Servicios de alojamiento temporal y de preparación de alimentos y bebidas, septiembre 2025",,2025-12-01,mensual,diciembre,2025,https://iieg.jalisco.gob.mx/acervo/portal/reportes/2025/12/sector72_alojamiento_alimentos_bebidas_jalisco_septiembre2025.pdf,,,economia,,actividad-economica-e-industria
comercio al por mayor y al por menor en Jalisco en septiembre de 2025,,2025-12-01,mensual,diciembre,2025,https://iieg.jalisco.gob.mx/acervo/portal/reportes/2025/12/comercio_mayor_menor_EMEC_jalisco_septiembre_2025.pdf,,,economia,,comercio
"Encuesta Nacional de Ocupación y Empleo en Jalisco, tercer trimestre de 2025",,2025-12-26,trimestral,diciembre,2025,https://iieg.jalisco.gob.mx/acervo/portal/reportes/2025/12/encuesnta_nacional_ocupacion_empleo_jalisco_enoe_3T2025.pdf,,,economia,,empleo-y-ocupacion
Tasa de desocupación en Jalisco en octubre de 2025,,2025-12-28,mensual,diciembre,2025,https://iieg.jalisco.gob.mx/acervo/portal/reportes/2025/12/desocupacion_jalisco_octubre_2025.pdf,,,economia,,empleo-y-ocupacion
Censo Nacional de Gobiernos Estatales Jalisco 2025,,2025-12-08,anual,diciembre,2025,https://iieg.jalisco.gob.mx/acervo/portal/reportes/2025/12/censo_nacional_gobiernos_estatales_jalisco_2025.pdf,,,gobierno-y-ciudadania,,desarrollo-institucional
Empleos formales en Jalisco en noviembre de 2025,,2025-12-10,mensual,diciembre,2025,https://iieg.jalisco.gob.mx/acervo/portal/reportes/2025/12/empleos_formales_imss_jalisco_nov_2025.pdf,,,economia,,empleo-y-ocupacion
"Producto Interno Bruto de Jalisco, cifras preliminares 2024",,2025-12-08,semestral,diciembre,2025,https://iieg.jalisco.gob.mx/acervo/portal/reportes/2025/12/producto_interno_bruto_PIB_jalisco_cifras_preliminares_2024.pdf,,,economia,,actividad-economica-e-industria
"Patrones registrados ante el IMSS, noviembre 2025",,2025-12-11,mensual,diciembre,2025,https://iieg.jalisco.gob.mx/acervo/portal/reportes/2025/12/patrones_registrados_IMSS_jalisco_nov2025.pdf,,,economia,,empleo-y-ocupacion
Cifras de empleo formal en Jalisco en noviembre de 2025 por sector de actividad económica y municipio,,2025-12-11,mensual,diciembre,2025,https://iieg.jalisco.gob.mx/acervo/portal/reportes/2025/12/empleo_formal_sector_actividad_municipo_IMSS_jalisco_nov2025.pdf,,,economia,,empleo-y-ocupacion
Venta de vehículos híbridos y eléctricos en Jalisco en noviembre de 2025,,2025-12-11,mensual,diciembre,2025,https://iieg.jalisco.gob.mx/acervo/portal/reportes/2025/12/venta_vehiculos_hibridos_electricos_jalisco_nov_2025.pdf,,,territorio,,movilidad-y-transporte
Actividad industrial de Jalisco en agosto de 2025,,2025-12-11,mensual,diciembre,2025,https://iieg.jalisco.gob.mx/acervo/portal/reportes/2025/12/actividad_industrial_imaief_jalisco_agosto_2025.pdf,,,economia,,actividad-economica-e-industria
Defunciones por Diabetes Mellitus en Jalisco 2024 (cifras definitivas),,2025-12-15,anual,diciembre,2025,https://iieg.jalisco.gob.mx/acervo/portal/reportes/2025/12/defunciones_diabetes_mellitus_jalisco_2024.pdf,,,salud,,mortalidad-por-causa
Indicadores de la industria manufacturera de Jalisco en octubre de 2025,,2025-12-18,mensual,diciembre,2025,https://iieg.jalisco.gob.mx/acervo/portal/reportes/2025/12/indicadores_industria_manufacturera_emim_jalisco_octubre_2025.pdf,,,economia,,actividad-economica-e-industria
Censo Nacional de Derechos Humanos Estatal 2025,,2025-12-17,anual,diciembre,2025,https://iieg.jalisco.gob.mx/acervo/portal/reportes/2025/12/censo_nacional_derechos_humanos_estatal_jalisco_2025.pdf,,,gobierno-y-ciudadania,,derechos-humanos
incidencia-delictiva en la región Lagunas de Jalisco Diciembre 2024 a noviembre 2025,,2025-12-19,anual,diciembre,2025,https://iieg.jalisco.gob.mx/acervo/portal/reportes/2025/12/incidencia_delictiva_region_lagunas_jalisco_nov25.pdf,,,seguridad,,incidencia-delictiva
comercio al por mayor y al por menor en Jalisco en octubre de 2025,,2025-12-18,mensual,diciembre,2025,https://iieg.jalisco.gob.mx/acervo/portal/reportes/2026/01/comercio_mayor_menor_EMEC_jalisco_octubre_2025.pdf,,,economia,,comercio
"Sector 72: Servicios de alojamiento temporal y de preparación de alimentos y bebidas, octubre 2025",,2025-12-18,mensual,diciembre,2025,https://iieg.jalisco.gob.mx/acervo/portal/reportes/2026/01/sector72_alojamiento_alimentos_bebidas_octubre_2025.pdf,,,economia,,actividad-economica-e-industria
Tasa de desocupación en Jalisco en octubre de 2025,,2025-11-28,mensual,diciembre,2025,https://iieg.jalisco.gob.mx/acervo/portal/reportes/2025/12/desocupacion_jalisco_octubre_2025.pdf,,,economia,,empleo-y-ocupacion
Exportaciones de Jalisco durante el tercer trimestre de 2025,,2026-01-07,mensual,enero,2026,https://iieg.jalisco.gob.mx/acervo/portal/reportes/2026/01/exportaciones_jalisco_3T_2025.pdf,,,economia,,comercio exterior
"Industria Manufacturera, Maquiladora y de Servicios de Exportación, IMMEX, octubre 2025",,2026-01-07,mensual,enero,2026,https://iieg.jalisco.gob.mx/acervo/portal/reportes/2026/01/industria_manufacturera_maquiladora_exportacion_immex_jalisco_octubre_2025.pdf,,,economia,,actividad-economica-e-industria
Producción de la industria de la construcción en Jalisco de octubre de 2025,,2026-01-07,mensual,enero,2026,https://iieg.jalisco.gob.mx/acervo/portal/reportes/2026/01/industria_construccion_enec_jalisco_octubre_2025.pdf,,,economia,,actividad-economica-e-industria
"Patrones registrados ante el IMSS, diciembre 2025",,2026-01-07,mensual,enero,2026,https://iieg.jalisco.gob.mx/acervo/portal/reportes/2026/01/patrones_registrados_IMSS_jalisco_dic_25.pdf,,,economia,,empleo-y-ocupacion
Venta de vehículos híbridos y eléctricos en Jalisco en diciembre de 2025,,2026-01-12,mensual,enero,2026,https://iieg.jalisco.gob.mx/acervo/portal/reportes/2026/01/venta_vehiculos_hibridos_electricos_jalisco_dic_25.pdf,,,territorio,,movilidad-y-transporte
Cifras de empleo formal en Jalisco en diciembre de 2025 por sector de actividad económica y municipio,,2026-01-12,mensual,enero,2026,https://iieg.jalisco.gob.mx/acervo/portal/reportes/2026/01/empleo_sector_actividad_municipio_IMSS_jalisco_dic2025.pdf,,,economia,,empleo-y-ocupacion
"Inflación en Jalisco, Guadalajara y Tepatitlán en diciembre 2025",,2026-01-14,mensual,enero,2026,https://iieg.jalisco.gob.mx/acervo/portal/reportes/2026/01/inflacion_guadalajara_tepatitlan_jalisco_dic_25.pdf,,,economia,,inflacion-y-precios
Conciliaciones laborales en Jalisco en junio de 2025,,2025-07-14,semestral,enero,2026,https://iieg.jalisco.gob.mx/acervo/portal/reportes/2026/01/conciliaciones_laborales_jalisco_junio_2025.pdf,,,gobierno-y-ciudadania,,derechos-ciudadanos
Conciliaciones laborales en Jalisco en diciembre 2025,,2026-01-15,semestral,enero,2026,https://iieg.jalisco.gob.mx/acervo/portal/reportes/2026/01/conciliaciones_laborales_jalisco_dic2025.pdf,,,gobierno-y-ciudadania,,derechos-ciudadanos
Actividad industrial de Jalisco en septiembre de 2025,,2026-01-19,mensual,enero,2026,https://iieg.jalisco.gob.mx/acervo/portal/reportes/2026/01/actividad_industrial_imaief_jalisco_sep_2025.pdf,,,economia,,actividad-economica-e-industria
Uso del medio de transporte Mibici de enero a diciembre de 2025,,2026-01-15,semestral,enero,2026,https://iieg.jalisco.gob.mx/acervo/portal/reportes/2026/01/MIBICI_jalisco_dic_2025.html,,,territorio,,movilidad-y-transporte
incidencia-delictiva del fuero federal enero-diciembre 2025,,2026-01-19,anual,enero,2026,https://iieg.jalisco.gob.mx/acervo/portal/reportes/2026/01/MIBICI_jalisco_dic_2025.html,,,seguridad,,incidencia-delictiva
Empleos formales en Jalisco en diciembre de 2025,,2026-01-12,mensual,enero,2026,https://iieg.jalisco.gob.mx/acervo/portal/reportes/2026/01/empleos_formales_imss_jalisco_dic2025.pdf,,,economia,,empleo-y-ocupacion
incidencia-delictiva en la región Norte de Jalisco Enero - diciembre 2025,,2026-01-22,anual,enero,2026,https://iieg.jalisco.gob.mx/acervo/portal/reportes/2026/01/incidencia_delictiva_region_norte_jalisco_enero_dic_2025.pdf,,,seguridad,,incidencia-delictiva
Indicadores de la industria manufacturera de Jalisco en noviembre de 2025,,2026-01-19,mensual,enero,2026,https://iieg.jalisco.gob.mx/acervo/portal/reportes/2026/01/industria_manufacturera_emim_jalisco_nov_2025.pdf,,,economia,,actividad-economica-e-industria
Victimización de mujeres diciembre 2025,,2026-01-26,bimestral,enero,2026,https://iieg.jalisco.gob.mx/acervo/portal/reportes/2026/01/victimizacion_mujeres_jalisco_dic25.html,,,seguridad,,victimizacion-y-percepcion
Tasa de desocupación en Jalisco en diciembre de 2025,,2026-01-26,mensual,enero,2026,https://iieg.jalisco.gob.mx/acervo/portal/reportes/2026/01/tasa_desocupacion_jalisco_dic2025.pdf,,,economia,,empleo-y-ocupacion
Encuesta Nacional de seguridad Publica urbana (ENSU) Principales resultados para Jalisco diciembre 2025,,2026-01-27,anual,enero,2026,https://iieg.jalisco.gob.mx/acervo/portal/reportes/2026/01/encuesta_nacional_seguridad_publica_urbana_ensu_jalisco_dic2025.html,,,seguridad,,victimizacion-y-percepcion
"Industria Manufacturera, Maquiladora y de Servicios de Exportación, IMMEX, noviembre 2025",,2026-01-26,mensual,enero,2026,https://iieg.jalisco.gob.mx/acervo/portal/reportes/2026/01/industria_manufacturera_maquiladora_exportacion_immex_jalisco_nov_2025.pdf,,,economia,,actividad-economica-e-industria
Producción de la industria de la construcción en Jalisco de noviembre de 2025,,2026-01-27,mensual,enero,2026,https://iieg.jalisco.gob.mx/acervo/portal/reportes/2026/01/industria_construccion_enec_jalisco_nov_2025.pdf,,,economia,,actividad-economica-e-industria
comercio al por mayor y al por menor en Jalisco en noviembre de 2025,,2026-01-21,mensual,enero,2026,https://iieg.jalisco.gob.mx/acervo/portal/reportes/2026/01/comercio_mayor_menor_EMEC_jalisco_nov_2025.pdf,,,economia,,comercio
Indicador Trimestral de la Actividad Económica Estatal (ITAEE) en el tercer trimestre de 2025,,2026-01-29,trimestral,enero,2026,https://iieg.jalisco.gob.mx/acervo/portal/reportes/2026/02/activida_economica_ITAEE_3er_trimestre_2025.pdf,,,economia,,actividad-economica-e-industria
"Sector 72: Servicios de alojamiento temporal y de preparación de alimentos y bebidas, noviembre 2025",,2026-01-21,mensual,enero,2026,https://iieg.jalisco.gob.mx/acervo/portal/reportes/2026/02/sector72_servicios_alojamiento_alimentos_bebidas_jalisco_nov_2025.pdf,,,economia,,actividad-economica-e-industria
Estadísticas de la Comisión Estatal de Derechos Humanos Jalisco (CEDHJ) 2021-2025,,2026-01-30,anual,enero,2026,https://iieg.jalisco.gob.mx/acervo/portal/reportes/2026/02/estadistica_comision_estatal_derechos_humanos_jalisco_CEDHJ_2021_dic2025.pdf,,,gobierno-y-ciudadania,,derechos-humanos
remesas en Jalisco durante el cuarto trimestre de 2025,,2026-02-04,trimestral,febrero,2026,https://iieg.jalisco.gob.mx/acervo/portal/reportes/2026/02/remesas_jalisco_4to_trimestre_2025.pdf,,,economia,,remesas
"Inflación en Jalisco, Guadalajara y Tepatitlán en enero 2026",,2026-02-09,mensual,febrero,2026,https://iieg.jalisco.gob.mx/acervo/portal/reportes/2026/02/inflacion_tepatitilan_guadalajara_jalisco_enero_2026.pdf,,,economia,,inflacion-y-precios
Actividad industrial de Jalisco en octubre de 2025,,2026-02-10,mensual,febrero,2026,https://iieg.jalisco.gob.mx/acervo/portal/reportes/2026/02/actividad_industrial_jalisco_imaief_octubre_2025.pdf,,,economia,,actividad-economica-e-industria
Venta de vehículos híbridos y eléctricos en Jalisco en enero de 2026,,2026-02-10,mensual,febrero,2026,https://iieg.jalisco.gob.mx/acervo/portal/reportes/2026/02/venta_vehiculos_hibridos_electricos_jalisco_enero_2026.pdf,,,territorio,,movilidad-y-transporte
Cifras de empleo formal en Jalisco en enero de 2026 por sector de actividad económica y municipio,,2026-02-10,mensual,febrero,2026,https://iieg.jalisco.gob.mx/acervo/portal/reportes/2026/02/empleo_formal_sector_actividad_municipio_IMSS_jalisco_2026.pdf,,,economia,,empleo-y-ocupacion
Empleos formales en Jalisco en enero de 2026,,2026-02-11,mensual,febrero,2026,https://iieg.jalisco.gob.mx/acervo/portal/reportes/2026/02/empleos_formales_jalisco_enero_2026.pdf,,,economia,,empleo-y-ocupacion
Índice de Precios de la vivienda del cuarto trimestre de 2025,,2026-02-10,trimestral,febrero,2026,https://iieg.jalisco.gob.mx/acervo/portal/reportes/2026/02/indice_precios_vivienda_ZMG_4T_2025.pdf,,,desarrollo-social,,vivienda
Indicadores de la industria manufacturera de Jalisco en diciembre de 2025,,2026-02-18,mensual,febrero,2026,https://iieg.jalisco.gob.mx/acervo/portal/reportes/2026/02/indicadores_industria_manufacturera_jalisco_emim_dic_2025.pdf,,,economia,,actividad-economica-e-industria
"Sector 72: Servicios de alojamiento temporal y de preparación de alimentos y bebidas, diciembre 2025",,2026-02-24,mensual,febrero,2026,https://iieg.jalisco.gob.mx/acervo/portal/reportes/2026/02/sector72_serivicios_alojamiento_alimentos_bebidas_dic_2025.pdf,,,economia,,actividad-economica-e-industria
comercio al por mayor y al por menor en Jalisco en diciembre de 2025,,2026-02-24,mensual,febrero,2026,https://iieg.jalisco.gob.mx/acervo/portal/reportes/2026/02/comercio_mayor_menor_EMEC_jalisco_dic_2025.pdf,,,economia,,comercio
Patrones registrados ante el IMSS en enero de 2026,,2026-02-13,mensual,febrero,2026,https://iieg.jalisco.gob.mx/acervo/portal/reportes/2026/02/patrones_registrados_IMSS_jalisco_enero_2026.pdf,,,economia,,empleo-y-ocupacion
"Industria Manufacturera, Maquiladora y de Servicios de Exportación, IMMEX, diciembre 2025",,2026-02-24,mensual,febrero,2026,https://iieg.jalisco.gob.mx/acervo/portal/reportes/2026/02/industria_manufacturera_maquiladora_exportacion_immex_jalisco_dic25.pdf,,,economia,,actividad-economica-e-industria
Producción de la industria de la construcción en Jalisco de diciembre de 2025,,2026-02-24,mensual,febrero,2026,https://iieg.jalisco.gob.mx/acervo/portal/reportes/2026/03/produccion_industrial_construccion_enec_jalisco_diciembre_2025.pdf,,,economia,,actividad-economica-e-industria
"Encuesta Nacional de Ocupación y Empleo en Jalisco, cuarto trimestre de 2025",,2026-02-24,trimestral,febrero,2026,https://iieg.jalisco.gob.mx/acervo/portal/reportes/2026/03/encuesta_nacional_ocupacion_empleo_jalisco_enoe_4T_2025.pdf,,,economia,,empleo-y-ocupacion
Tasa de desocupación en Jalisco en enero de 2026,,2026-02-26,mensual,febrero,2026,https://iieg.jalisco.gob.mx/acervo/portal/reportes/2026/03/tasa_desocupacion_encuesta_INEGI_jalisco_enero_2026.pdf,,,economia,,empleo-y-ocupacion
Indicadores económicos con perspectiva de género en Jalisco 2026,,2026-03-06,anual,marzo,2026,https://iieg.jalisco.gob.mx/acervo/portal/reportes/2026/03/indicadores_economicos_perspectiva_genero_jalisco_2026.pdf,,,economia,,empleo-y-ocupacion
Empleos formales en Jalisco en febrero de 2026,,2026-03-11,mensual,marzo,2026,https://iieg.jalisco.gob.mx/acervo/portal/reportes/2026/03/empleo_formal_jalisco_feb_2026.pdf,,,economia,,empleo-y-ocupacion
Venta de vehículos híbridos y eléctricos en Jalisco en febrero de 2026,,2026-03-12,mensual,marzo,2026,https://iieg.jalisco.gob.mx/acervo/portal/reportes/2026/03/venta_vehiculos_hibridos_electricos_jalisco_feb_2026.pdf,,,territorio,,movilidad-y-transporte
"Inflación en Jalisco, Guadalajara y Tepatitlán en febrero 2026",,2026-03-12,mensual,marzo,2026,https://iieg.jalisco.gob.mx/acervo/portal/reportes/2026/03/inflacion_jalisco_guadalajara_tepatitlan_feb_2026.pdf,,,economia,,inflacion-y-precios
Actividad industrial de Jalisco en noviembre de 2025,,2026-03-12,mensual,marzo,2026,https://iieg.jalisco.gob.mx/acervo/portal/reportes/2026/03/actividad_industrial_jalisco_imaief_nov_2025.pdf,,,economia,,actividad-economica-e-industria
"Patrones registrados ante el IMSS, febrero 2026",,2026-03-12,mensual,marzo,2026,https://iieg.jalisco.gob.mx/acervo/portal/reportes/2026/03/patrones_registrados_IMSS_jalisco_feb_2026.pdf,,,economia,,empleo-y-ocupacion
Inversión Extranjera Directa en Jalisco al cuarto trimestre de 2025,,2026-03-17,trimestral,marzo,2026,https://iieg.jalisco.gob.mx/acervo/portal/reportes/2026/03/inversion_extrajera_directa_jalisco_4T_2025.pdf,,,economia,,comercio exterior
Cifras de empleo formal en Jalisco en febrero de 2026 por sector de actividad económica y municipio,,2026-03-12,mensual,marzo,2026,https://iieg.jalisco.gob.mx/acervo/portal/reportes/2026/03/empleo_formal_sector_actividad_turismo_municipio_IMSS_jalisco_feb_2026.pdf,,,economia,,empleo-y-ocupacion
Indicadores de la industria manufacturera de Jalisco en enero de 2026,,2026-03-18,mensual,marzo,2026,https://iieg.jalisco.gob.mx/acervo/portal/reportes/2026/03/indicadores_industria_manufacturera_emim_jalisco_ene2026.pdf,,,economia,,actividad-economica-e-industria
incidencia-delictiva en la región Sierra de Amula de Jalisco Febrero 2025 a enero 2026,,2026-03-23,anual,marzo,2026,https://iieg.jalisco.gob.mx/acervo/portal/reportes/2026/03/incidencia_delictiva_regiones_jalisco_sierra_amula_ene26.pdf,,,seguridad,,incidencia-delictiva
comercio al por mayor y al por menor en Jalisco en enero de 2026,,2026-03-23,mensual,marzo,2026,https://iieg.jalisco.gob.mx/acervo/portal/reportes/2026/03/comercio_mayor_menor_jalisco_EMEC_ene_2026.pdf,,,economia,,comercio
Producción de la industria de la construcción en Jalisco de enero de 2026,,2026-03-25,mensual,marzo,2026,https://iieg.jalisco.gob.mx/acervo/portal/reportes/2026/03/industria_construccion_jalisco_ENEC_enero_2026.pdf,,,economia,,actividad-economica-e-industria
"Sector 72: Servicios de alojamiento temporal y de preparación de alimentos y bebidas, enero 2026",,2026-03-23,mensual,marzo,2026,https://iieg.jalisco.gob.mx/acervo/portal/reportes/2026/03/sector72_sevicios_alojamiento_temporal_alimentos_bebidas_ene_2026.pdf,,,economia,,actividad-economica-e-industria
"Industria Manufacturera, Maquiladora y de Servicios de Exportación, IMMEX, enero 2026",,2026-03-23,mensual,marzo,2026,https://iieg.jalisco.gob.mx/acervo/portal/reportes/2026/03/manufacturera_maquiladora_exportacion_immex_jalisco_ene_2026.pdf,,,economia,,actividad-economica-e-industria
Tasa de desocupación en Jalisco en febrero de 2026,,2026-03-27,mensual,marzo,2026,https://iieg.jalisco.gob.mx/acervo/portal/reportes/2026/03/desocupacion_jalisco_febrero_2026.pdf,,,economia,,empleo-y-ocupacion
Empleos formales en Jalisco en marzo de 2026,,2026-04-13,mensual,abril,2026,https://iieg.jalisco.gob.mx/acervo/portal/reportes/2026/04/empleos_formales_jalisco_marzo_2026.pdf,,,economia,,empleo-y-ocupacion
"Inflación en Jalisco, Guadalajara y Tepatitlán en marzo 2026",,2026-04-14,mensual,abril,2026,https://iieg.jalisco.gob.mx/acervo/portal/reportes/2026/04/inflacion_jalisco_guadalajara_tepatitlan_marzo_2026.pdf,,,economia,,inflacion-y-precios
Exportaciones de Jalisco durante el cuarto trimestre de 2025,,2026-04-14,trimestral,abril,2026,https://iieg.jalisco.gob.mx/acervo/portal/reportes/2026/04/exportaciones_jalisco_4T_2025.pdf,,,economia,,comercio exterior
Cifras de empleo formal en Jalisco en marzo de 2026 por sector de actividad económica y municipio,,2026-04-15,mensual,abril,2026,https://iieg.jalisco.gob.mx/acervo/portal/reportes/2026/04/empleo_IMSS_sector_actividad_turismo_mar2026.pdf,,,economia,,empleo-y-ocupacion
Venta de vehículos híbridos y eléctricos en Jalisco en marzo de 2026,,2026-04-14,mensual,abril,2026,https://iieg.jalisco.gob.mx/acervo/portal/reportes/2026/04/venta_vehiculos_hibridos_electricos_jalisco_marzo_2026.pdf,,,territorio,,movilidad-y-transporte
"Patrones registrados ante el IMSS, marzo 2026",,2026-04-20,mensual,abril,2026,https://iieg.jalisco.gob.mx/acervo/portal/reportes/2026/04/patrones_registrados_IMSS_marzo_2026.pdf,,,economia,,empleo-y-ocupacion
Actividad industrial de Jalisco en diciembre de 2025,,2026-04-14,mensual,abril,2026,https://iieg.jalisco.gob.mx/acervo/portal/reportes/2026/04/actividad_industrial_jalisco_imaief_diciembre_2025.pdf,,,economia,,actividad-economica-e-industria
Indicadores de la industria manufacturera de Jalisco en febrero de 2026,,2026-04-17,mensual,abril,2026,https://iieg.jalisco.gob.mx/acervo/portal/reportes/2026/04/industria_manufacturera_emim_jalisco_febrero_2026.pdf,,,economia,,actividad-economica-e-industria
Producción de la industria de la construcción en Jalisco de febrero de 2026,,2026-04-24,mensual,abril,2026,https://iieg.jalisco.gob.mx/acervo/portal/reportes/2026/04/produccion_industria_construccion_jalisco_enec_febrero_2026.pdf,,,economia,,actividad-economica-e-industria
"Sector 72: Servicios de alojamiento temporal y de preparación de alimentos y bebidas, diciembre 2025",,2026-01-24,mensual,abril,2026,https://iieg.jalisco.gob.mx/acervo/portal/reportes/2026/02/sector72_serivicios_alojamiento_alimentos_bebidas_dic_2025.pdf,,,economia,,actividad-economica-e-industria
Indicador Trimestral de la Actividad Económica Estatal (ITAEE) en el cuarto trimestre de 2025,,2026-04-29,trimestral,abril,2026,https://iieg.jalisco.gob.mx/acervo/portal/reportes/2026/04/actividad_aconomica_estatal_ITAEE_jalisco_4T_2025.pdf,,,economia,,actividad-economica-e-industria
Tasa de desocupación en Jalisco en marzo de 2026,,2026-04-24,mensual,mayo,2026,https://iieg.jalisco.gob.mx/acervo/portal/reportes/2026/05/tasa_desocupacion_jalisco_marzo_2026.pdf,,,economia,,empleo-y-ocupacion
"Industria Manufacturera, Maquiladora y de Servicios de Exportación, IMMEX, febrero 2026",,2026-04-22,mensual,mayo,2026,https://iieg.jalisco.gob.mx/acervo/portal/reportes/2026/05/industria_manufacturera_maquiladora_exportacion_immex_jalisco_febrero_2026.pdf,,,economia,,actividad-economica-e-industria
comercio al por mayor y al por menor en Jalisco en febrero de 2026,,2026-04-24,mensual,mayo,2026,https://iieg.jalisco.gob.mx/acervo/portal/reportes/2026/05/comercio_mayor_menor_EMEC_jalisco_febrero_2026.pdf,,,economia,,comercio
remesas en Jalisco durante el primer trimestre de 2026,,2026-05-04,trimestral,mayo,2026,https://iieg.jalisco.gob.mx/acervo/portal/reportes/2026/05/remesas_jalisco_1T_2026.pdf,,,economia,,remesas
Encuesta Nacional de seguridad Púsblica Urbana (ENSU) Principales resultados para Jalisco Marzo 2026,,2026-05-07,bimestral,mayo,2026,https://iieg.jalisco.gob.mx/acervo/portal/reportes/2026/05/encuesta_nacional_seguridad_publica_urbana_jalisco_ENSU_mar2026.html,,,seguridad,,victimizacion-y-percepcion
"Inflación en Jalisco, Guadalajara y Tepatitlán en abril 2026",,2026-05-08,mensual,mayo,2026,https://iieg.jalisco.gob.mx/acervo/portal/reportes/2026/05/inflacion_jalisco_guadalajara_tepatitlan_abril_2026.pdf,,,economia,,inflacion-y-precios
Cifras de empleo formal en Jalisco en abril de 2026 por sector de actividad económica y municipio,,2026-05-11,mensual,mayo,2026,https://iieg.jalisco.gob.mx/acervo/portal/reportes/2026/06/empleo_formal_sector_actividad_municipio_jalisco_abril_2026.pdf,,,economia,,empleo-y-ocupacion
Empleos formales en Jalisco en abril de 2026,,2026-05-14,mensual,mayo,2026,https://iieg.jalisco.gob.mx/acervo/portal/reportes/2026/06/empleos_formales_imss_jalisco_abril_2026.pdf,,,economia,,empleo-y-ocupacion
Venta de vehículos híbridos y eléctricos en Jalisco en abril de 2026,,2026-05-12,mensual,mayo,2026,https://iieg.jalisco.gob.mx/acervo/portal/reportes/2026/06/venta_vehiculos_hibridos_electricos_jalisco_abril_2026.pdf,,,territorio,,movilidad-y-transporte
Actividad industrial de Jalisco en enero de 2026,,2026-05-12,mensual,mayo,2026,https://iieg.jalisco.gob.mx/acervo/portal/reportes/2026/06/actividad_industrial_jalisco_imaief_enero_2026.pdf,,,economia,,actividad-economica-e-industria
"Patrones registrados ante el IMSS, abril 2026",,2026-05-14,mensual,mayo,2026,https://iieg.jalisco.gob.mx/acervo/portal/reportes/2026/06/patrones_registrados_IMSS_jalisco_abril_2026.pdf,,,economia,,empleo-y-ocupacion
Indicadores de la industria manufacturera de Jalisco en marzo de 2026,,2026-05-15,mensual,mayo,2026,https://iieg.jalisco.gob.mx/acervo/portal/reportes/2026/06/industria_manufacturera_emim_jalisco_marzo_2026.pdf,,,economia,,actividad-economica-e-industria
comercio al por mayor y al por menor en Jalisco en marzo de 2026,,2026-05-14,mensual,mayo,2026,https://iieg.jalisco.gob.mx/acervo/portal/reportes/2026/06/comercio_mayor_menor_EMEC_jalisco_marzo_2026.pdf,,,economia,,comercio
Producción de la industria de la construcción en Jalisco de marzo de 2026,,2026-05-21,mensual,mayo,2026,https://iieg.jalisco.gob.mx/acervo/portal/reportes/2026/06/industria_construccion_enec_jalisco_marzo_2026.pdf,,,economia,,actividad-economica-e-industria
"Sector 72: Servicios de alojamiento temporal y de preparación de alimentos y bebidas, marzo 2026",,2026-05-21,mensual,mayo,2026,https://iieg.jalisco.gob.mx/acervo/portal/reportes/2026/06/sector72_servicios_alojamiento_alimentos_bebidas_jalisco_marzo_2026.pdf,,,economia,,actividad-economica-e-industria
"Industria Manufacturera, Maquiladora y de Servicios de Exportación, IMMEX, marzo 2026",,2026-05-21,mensual,mayo,2026,https://iieg.jalisco.gob.mx/acervo/portal/reportes/2026/06/industria_manufacturera_maquila_exportacion_immex_jalisco_marzo_2026.pdf,,,economia,,actividad-economica-e-industria
"Encuesta Nacional de Ocupación y Empleo en Jalisco, primer trimestre de 2026",,2026-05-26,trimestral,mayo,2026,https://iieg.jalisco.gob.mx/acervo/portal/reportes/2026/06/encuesta_ocupacion_empleo_jalisco_enoe_1T_2026.pdf,,,economia,,empleo-y-ocupacion
"Niñas, niños y adolescentes en Jalisco 2026-2030",,2026-05-14,anual,mayo,2026,https://iieg.jalisco.gob.mx/acervo/portal/reportes/2026/06/infancias_adolecentes_conapo_jalisco_2026.pdf,,,demografia,,grupos-de-edad
Las madres de Jalisco en el cuarto trimestre de 2025,,2026-05-13,trimestral,mayo,2026,https://iieg.jalisco.gob.mx/acervo/portal/reportes/2026/06/poblacion_femenina_madres_jalisco_enoe_2025.pdf,,,demografia,,fecundidad-y-natalidad
Tasa de desocupación en Jalisco en abril de 2026,,2026-05-28,mensual,mayo,2026,https://iieg.jalisco.gob.mx/acervo/portal/reportes/2026/06/tasa_desocupacion_jalisco_abril_2026.pdf,,,economia,,empleo-y-ocupacion
Índice de Precios de la vivienda del primer trimestre de 2026,,2026-05-29,trimestral,mayo,2026,https://iieg.jalisco.gob.mx/acervo/portal/reportes/2026/06/indice_precios_vivienda_zmg_jalisco_1T_2026.pdf,,,desarrollo-social,,vivienda
Inversión Extranjera Directa en Jalisco al primer trimestre de 2026,,2026-06-03,trimestral,junio,2026,https://iieg.jalisco.gob.mx/acervo/portal/reportes/2026/06/inversion_extranjera_directa_jalisco_ied_1T_2026.pdf,,,economia,,comercio exterior
Empleos formales en Jalisco en mayo de 2026,,2026-06-12,mensual,junio,2026,https://iieg.jalisco.gob.mx/acervo/portal/reportes/2026/06/empleos_formales_imss_jalisco_mayo_2026.pdf,,,economia,,empleo-y-ocupacion
Venta de vehículos híbridos y eléctricos en Jalisco en mayo de 2026,,2026-06-09,mensual,junio,2026,https://iieg.jalisco.gob.mx/acervo/portal/reportes/2026/06/venta_vehiculos_hibridos_electricos_jalisco_mayo_2026.pdf,,,territorio,,movilidad-y-transporte
Actividad industrial de Jalisco en febrero de 2026,,2026-06-12,mensual,junio,2026,https://iieg.jalisco.gob.mx/acervo/portal/reportes/2026/06/actividad_industrial_jalisco_imaief_febrero_2026.pdf,,,economia,,actividad-economica-e-industria
"Inflación en Jalisco, Guadalajara y Tepatitlán en mayo 2026",,2026-06-12,mensual,junio,2026,https://iieg.jalisco.gob.mx/acervo/portal/reportes/2026/06/inflacion_guadalajara_tepatitlan_jalisco_mayo_2026.pdf,,,economia,,inflacion-y-precios
Cifras de empleo formal en Jalisco en mayo de 2026 por sector de actividad económica y municipio,,2026-06-10,mensual,junio,2026,https://iieg.jalisco.gob.mx/acervo/portal/reportes/2026/06/empleo_actividad_economica_turismo_municipio_jalisco_mayo_2026.pdf,,,economia,,empleo-y-ocupacion
Patrones registrados ante el IMSS en mayo de 2026,,2026-06-12,mensual,junio,2026,https://iieg.jalisco.gob.mx/acervo/portal/reportes/2026/06/patrones_registrados_imss_mayo_2026.pdf,,,economia,,empleo-y-ocupacion
Indicadores de la industria manufacturera de Jalisco en abril de 2026,,2026-06-17,mensual,junio,2026,https://iieg.jalisco.gob.mx/acervo/portal/reportes/2026/06/industria_manufacturera_emim_jalisco_abril_2026.pdf,,,economia,,actividad-economica-e-industria
Producción de la industria de la construcción en Jalisco de abril de 2026,,2026-06-24,mensual,junio,2026,https://iieg.jalisco.gob.mx/acervo/portal/reportes/2026/07/industria_construccion_ENEC_jalisco_abril_2026.pdf,,,economia,,actividad-economica-e-industria
Exportaciones de Jalisco durante el primer trimestre de 2026,,2026-06-30,trimestral,junio,2026,https://iieg.jalisco.gob.mx/acervo/portal/reportes/2026/07/exportaciones_jalisco_1T_2026.pdf,,,economia,,comercio exterior
comercio al por mayor y al por menor en Jalisco en abril de 2026,,2026-06-30,mensual,junio,2026,https://iieg.jalisco.gob.mx/acervo/portal/reportes/2026/07/comercio_mayor_menor_EMEC_jaisco_abril_2026.pdf,,,economia,,comercio
"Industria Manufacturera, Maquiladora y de Servicios de Exportación, IMMEX, abril 2026",,2026-06-24,mensual,junio,2026,https://iieg.jalisco.gob.mx/acervo/portal/reportes/2026/07/industria_manufacturera_maquiladora_exportacion_immex_jalisco_abril_2026.pdf,,,economia,,actividad-economica-e-industria
Tasa de desocupación en Jalisco en mayo de 2026,,2026-06-25,mensual,junio,2026,https://iieg.jalisco.gob.mx/acervo/portal/reportes/2026/07/tasa_desocupacion_jalisco_mayo_2026.pdf,,,economia,,empleo-y-ocupacion
"Sector 72: Servicios de alojamiento temporal y de preparación de alimentos y bebidas, abril 2026",,2026-06-24,mensual,junio,2026,https://iieg.jalisco.gob.mx/acervo/portal/reportes/2026/07/sector72_servicios_alojamiento_alimentos_bebidas_abril_2026.pdf,,,economia,,actividad-economica-e-industria
Empleos formales en Jalisco en junio de 2026,,2026-07-09,mensual,julio,2026,https://iieg.jalisco.gob.mx/acervo/portal/reportes/2026/07/empleo_formal_imss_jalisco_junio_2026.pdf,,,economia,,empleo-y-ocupacion
Cifras de empleo formal en Jalisco en junio de 2026 por sector de actividad económica y municipio,,2026-07-09,mensual,julio,2026,https://iieg.jalisco.gob.mx/acervo/portal/reportes/2026/07/empleo_formal_sector_actividad_economica_municipio_imss_jalisco_junio_2026.pdf,,,economia,,empleo-y-ocupacion
Patrones registrados ante el IMSS en junio de 2026,,2026-07-10,mensual,julio,2026,https://iieg.jalisco.gob.mx/acervo/portal/reportes/2026/07/patrones_registrados_imss_jalisco_junio_2026.pdf,,,economia,,empleo-y-ocupacion
Venta de vehículos híbridos y eléctricos en Jalisco en junio de 2026,,2026-07-07,mensual,julio,2026,https://iieg.jalisco.gob.mx/acervo/portal/reportes/2026/07/venta_vehiculos_hibridos_electricos_jalisco_junio_2026.pdf,,,territorio,,movilidad-y-transporte
Cifras revisadas del Producto Interno Bruto de Jalisco 2024,,2026-07-07,anual,julio,2026,https://iieg.jalisco.gob.mx/acervo/portal/reportes/2026/07/cifras_producto_interno_bruto_jalisco_2024.pdf,,,economia,,actividad-economica-e-industria
"Inflación en Jalisco, Guadalajara y Tepatitlán en junio 2026",,2026-07-13,mensual,julio,2026,https://iieg.jalisco.gob.mx/acervo/portal/reportes/2026/07/inflacion_guadalajara_tepatitlan_jalisco_junio_2026.pdf,,,economia,,inflacion-y-precios
Conciliaciones laborales en Jalisco en junio de 2026,,2026-07-07,anual,julio,2026,https://iieg.jalisco.gob.mx/acervo/portal/reportes/2026/07/conciliaciones_laborales_jalisco_junio_2026.pdf,,,gobierno-y-ciudadania,,derechos-ciudadanos
Indicadores de la industria manufacturera de Jalisco en mayo de 2026,,2026-07-16,mensual,julio,2026,https://iieg.jalisco.gob.mx/acervo/portal/reportes/2026/07/indicadores_industria_manufacturera_emim_jalisco_mayo_2026.pdf,,,economia,,actividad-economica-e-industria
Sacrificio de ganado en rastros municipales mayo 2026,,2026-07-22,anual,julio,2026,https://iieg.jalisco.gob.mx/acervo/portal/reportes/2026/07/sacrificio_ganado_rastros_jalisco_inegi_mayo_2026.pdf,,,economia,,sector-primario
Causas de enfermedad de la población de Jalisco en 2024,,2026-07-20,anual,julio,2026,https://iieg.jalisco.gob.mx/acervo/portal/reportes/2026/07/princiales_causas_enfermedades_anuarios_morbilidad_jalisco_2024.pdf,,,salud,,enfermedades
Actividad industrial de Jalisco en marzo de 2026,,2026-07-13,mensual,julio,2026,https://iieg.jalisco.gob.mx/acervo/portal/reportes/2026/07/actividad_industrial_imaief_jalisco_marzo_2026.pdf,,,economia,,actividad-economica-e-industria
comercio al por mayor y al por menor en Jalisco en mayo de 2026,,2026-07-21,mensual,julio,2026,https://iieg.jalisco.gob.mx/acervo/portal/reportes/2026/07/comercio_mayor_menor_EMEC_jalisco_mayo_2026.pdf,,,economia,,comercio
"Sector 72: Servicios de alojamiento temporal y de preparación de alimentos y bebidas en Jalisco, mayo 2026",,2026-07-21,mensual,julio,2026,https://iieg.jalisco.gob.mx/acervo/portal/reportes/2026/07/sector72_alojamiento_alimentos_bebidas_jalisco_mayo_2026.pdf,,,economia,,actividad-economica-e-industria
Tasa de desocupación en Jalisco en junio de 2026,,2026-07-24,mensual,julio,2026,https://iieg.jalisco.gob.mx/acervo/portal/reportes/2026/07/tasa_desocupacion_INEGI_jalisco_junio_2026.pdf,,,economia,,empleo-y-ocupacion
"Industria Manufacturera, Maquiladora y de Servicios de Exportación (IMMEX) en Jalisco, mayo de 2026",,2026-07-22,mensual,julio,2026,https://iieg.jalisco.gob.mx/acervo/portal/reportes/2026/07/industria_manufacturera_maquiladora_exportacion_immex_jalisco_mayo2026.pdf,,,economia,,actividad-economica-e-industria
Producción de la industria de la construcción en Jalisco en mayo de 2026,,2026-07-24,mensual,julio,2026,https://iieg.jalisco.gob.mx/acervo/portal/reportes/2026/07/industria_construccion_jalisco_enec_mayo_2026.pdf,,,economia,,actividad-economica-e-industria
Indicador Trimestral de la Actividad Económica Estatal (ITAEE) en el primer trimestre de 2026,,2026-07-29,trimestral,julio,2026,https://iieg.jalisco.gob.mx/acervo/portal/reportes/2026/07/actividad_economica_estatal_ITAEE_jalisco_1T_2026.pdf,,,economia,,actividad-economica-e-industria