titulo,descripcion,link,tipo,imagen,claves,slug,destacado,slider,imagen_slider,orden,temas_slugs
MapaLab,"Plataforma de cartografía y análisis geoespacial que concentra, publica y difunde información geográfica y estadística de Jalisco bajo principios de datos abiertos, interoperabilidad y acceso público.",https://iieg.jalisco.gob.mx/mapalab/,plataforma,https://iieg.jalisco.gob.mx/acervo/portal/sistemas/mapalab.svg,,mapalab,FALSE,FALSE,,1,territorio|seguridad|desarrollo-social
Reportes,"Publicaciones periódicas, que concentran información oficial de interés público, con datos estadísticos y geoespaciales actualizados sobre Jalisco y el resto del país.",reportes,datos_recientes,https://iieg.jalisco.gob.mx/acervo/portal/sistemas/reportes.svg,,reportes,TRUE,FALSE,,2,economia 
Datos exprés,Datos puntuales de interés público estatal procedentes de fuentes oficiales y seleccionados estratégicamente por su relevancia para el contexto actual.,datos-expres,datos_recientes,https://iieg.jalisco.gob.mx/acervo/portal/sistemas/datos_expres.svg,,datos-expres,TRUE,FALSE,,3,economia 
Galería de mapas de Jaliso,"Descubre cómo los mapas transforman datos en historias visuales que permiten comprender mejor el territorio, identificar patrones y tomar decisiones estratégicas a lo largo del tiempo.",galeria-de-mapas,plataforma,https://iieg.jalisco.gob.mx/acervo/portal/sistemas/galeria_mapas.svg,,galeria-de-mapas,FALSE,FALSE,,4,territorio
Clasificador de cultivos,"A través de un mapa interactivo, integra información procesada con modelos de inteligencia artificial que identifican el tipo de cultivo y su ubicación mediante el análisis de imágenes satelitales.",clasificador-de-cultivos,estadistica,https://iieg.jalisco.gob.mx/acervo/portal/sistemas/clasificador_cultivos.png,,clasificador-de-cultivos,FALSE,FALSE,https://iieg.jalisco.gob.mx/acervo/portal/sistemas/clasificador-cultivos-274x120px.png,5,territorio|economia
Ábaco,"Es un espacio digital diseñado para que los niños descubran datos geográficos y sociales de Jalisco. Con actividades dinámicas, los niños aprenden de su entorno mientras se divierten.",https://iieg.gob.mx/abaco/,plataforma,https://iieg.jalisco.gob.mx/acervo/portal/sistemas/abaco.png,,abaco,TRUE,FALSE,,9,demografia
Plataforma de seguridad,"Plataforma en la que se ofrece información estadística delictiva del estado de Jalisco mediante laboratorio de datos, comparativa por estados y reporte mensual.",https://iieg.gob.mx/plataforma_seguridad/#/home,plataforma,https://iieg.jalisco.gob.mx/acervo/portal/sistemas/plataforma_seguridad.png,,plataforma-de-seguridad,FALSE,TRUE,https://iieg.jalisco.gob.mx/acervo/portal/sistemas/plataforma-seguridad-274x120px.png,7,seguridad
"Estadística del Centro de Conciliación Laboral, CCL","Plataforma con datos de las conciliaciones laborales en Jalisco, los motivos de las demandas y los montos de pago acordados. Información disponible por sexo, municipio y por actividad económica.",https://iieg.gob.mx/ns/?page_id=40362,plataforma,https://iieg.jalisco.gob.mx/acervo/portal/sistemas/conciliacion_laboral.png,,estadistica-del-centro-de-conciliacion-laboral-ccl,FALSE,FALSE,https://iieg.jalisco.gob.mx/acervo/portal/sistemas/conciliacion-laboral-274x120px.png,8,economia
Cuadernillos Municipales,"Referencia de consulta que presenta información de los 125 municipios de Jalisco mediante los principales indicadores disponibles sobre temas socioeconómicos, territoriales y de gobierno.",cuadernillos,datos_recientes,https://iieg.jalisco.gob.mx/acervo/portal/sistemas/cuadernillos_municipales.svg,,cuadernillos-municipales,TRUE,FALSE,https://iieg.jalisco.gob.mx/acervo/portal/sistemas/cuadernillos-municipales-274x120px.png,6,territorio|medio-ambiente|economia|demografia|seguridad 
Información SIPINNA municipal,"Plataforma en colaboración con el Sistema Nacional de Protección Integral de Niñas, Niños y Adolescentes de Jalisco, con información demográfica del grupo de población menor de 18 años.",https://iieg.gob.mx/ns/?page_id=29302,plataforma,https://iieg.jalisco.gob.mx/acervo/portal/sistemas/sipinna.png,,informacion-sipinna-municipal,FALSE,TRUE,https://iieg.jalisco.gob.mx/acervo/portal/sistemas/sipinna-274x120px.png,11,demografia
Siniestralimap,Plataforma de colaboración con la Secretaría de Transporte para facilitar el análisis y la visualización geográfica de los siniestros viales con consecuencias fatales o lesiones.,https://iieg.gob.mx/siniestralimap/,plataforma,https://iieg.jalisco.gob.mx/acervo/portal/sistemas/siniestralimap.png,,siniestralimap,FALSE,TRUE,https://iieg.jalisco.gob.mx/acervo/portal/sistemas/siniestralimap_l.png,10,territorio 
Sistema de Información Geoelectoral,"Plataforma en colaboración con el Instituto Electoral y de Participación Ciudadana de Jalisco, con información relativa a los procesos electorales en nuestro estado.",https://iieg.gob.mx/ns/?page_id=25922,plataforma,https://iieg.jalisco.gob.mx/acervo/portal/sistemas/geoelectoral.png,,sistema-de-informacion-geoelectoral,FALSE,TRUE,https://iieg.jalisco.gob.mx/acervo/portal/sistemas/geolectoral-274x120px.png,12,economia
Embarazo Infantil y Adolescente,"Plataforma interactiva para consultar información sobre mujeres de 15 a 19 años con al menos una hija o hijo nacido vivo, desagregada por colonia en los municipios de Jalisco",https://iieg.gob.mx/ns/?page_id=38024,plataforma,https://iieg.jalisco.gob.mx/acervo/portal/sistemas/plataforma-embarazo-infantil-adolescente.png,,embarazo-infantil-y-adolescente,FALSE,TRUE,https://iieg.jalisco.gob.mx/acervo/portal/sistemas/embarazo-infantil-adolescente-274x120px.png,13,desarrollo-social
SIEEJ,"Plataforma estatal de datos estratégicos que organiza, estandariza y facilita el uso de información confiable para la planeación y evaluación de políticas públicas.",sieej,plataforma,https://iieg.jalisco.gob.mx/acervo/portal/sistemas/ico_sieej.png,,sieej,FALSE,FALSE,,14,gobierno-y-ciudadania 
Igibot,Bot institucional interactivo para facilitar las búsquedas entre grandes volúmenes de datos. Integra múltiples repositorios oficiales en una sola interfaz y agiliza los procesos de consulta.,,plataforma,https://iieg.jalisco.gob.mx/acervo/portal/sistemas/ico_igibot.png,,igibot,FALSE,FALSE,,15,gobierno-y-ciudadania 